experiment_CELL ID_Cell Type_Compound,modified_spots_chanel_4 - Total Spot Area - Mean per Well,modified_spots_chanel_4 - Relative Spot Intensity - Mean per Well,modified_spots_chanel_4 - Number of Spots - Mean per Well,modified_spots_chanel_4 - Number of Spots per Area of modified_spots_chanel_4 - Mean per Well,modified_spots_chanel_3 - Total Spot Area - Mean per Well,modified_spots_chanel_3 - Relative Spot Intensity - Mean per Well,modified_spots_chanel_3 - Number of Spots - Mean per Well,modified_spots_chanel_3 - Number of Spots per Area of modified_spots_chanel_3 - Mean per Well,modified_ir_chanel_3_ct - modified_ir_chanel_3_ct Area [Ö²ÂµmÖ²Â²] - Mean per Well,modified_ir_chanel_3_ct - modified_ir_chanel_3_ct Roundness - Mean per Well,modified_ir_chanel_3_ct - modified_ir_chanel_3_ct Width [Ö²Âµm] - Mean per Well,modified_ir_chanel_3_ct - modified_ir_chanel_3_ct Length [Ö²Âµm] - Mean per Well,modified_ir_chanel_3_at - modified_ir_chanel_3_at Area [Ö²ÂµmÖ²Â²] - Mean per Well,modified_ir_chanel_3_at - modified_ir_chanel_3_at Roundness - Mean per Well,modified_ir_chanel_3_at - modified_ir_chanel_3_at Width [Ö²Âµm] - Mean per Well,modified_ir_chanel_3_at - modified_ir_chanel_3_at Length [Ö²Âµm] - Mean per Well,modified_ir_chanel_4_ct - modified_ir_chanel_4_ct Area [Ö²ÂµmÖ²Â²] - Mean per Well,modified_ir_chanel_4_ct - modified_ir_chanel_4_ct Roundness - Mean per Well,modified_ir_chanel_4_ct - modified_ir_chanel_4_ct Width [Ö²Âµm] - Mean per Well,modified_ir_chanel_4_ct - modified_ir_chanel_4_ct Length [Ö²Âµm] - Mean per Well,modified_ir_chanel_4_at - modified_ir_chanel_4_at Area [Ö²ÂµmÖ²Â²] - Mean per Well,modified_ir_chanel_4_at - modified_ir_chanel_4_at Roundness - Mean per Well,modified_ir_chanel_4_at - modified_ir_chanel_4_at Width [Ö²Âµm] - Mean per Well,modified_ir_chanel_4_at - modified_ir_chanel_4_at Length [Ö²Âµm] - Mean per Well,All Cells - Number of Objects,All Cells - chanel_3 Gabor Max 2 px w2 - Mean per Well,All Cells - chanel_4 Gabor Max 2 px w2 - Mean per Well,All Cells - chanel_2 Gabor Max 2 px w2 - Mean per Well,All Cells - chanel_1 Gabor Max 2 px w2 - Mean per Well,All Cells - chanel_3 SER Spot 1 px - Mean per Well,All Cells - chanel_3 SER Hole 1 px - Mean per Well,All Cells - chanel_3 SER Ridge 1 px - Mean per Well,All Cells - chanel_3 SER Valley 1 px - Mean per Well,All Cells - chanel_4 SER Spot 1 px - Mean per Well,All Cells - chanel_4 SER Hole 1 px - Mean per Well,All Cells - chanel_4 SER Ridge 1 px - Mean per Well,All Cells - chanel_4 SER Valley 1 px - Mean per Well,All Cells - chanel_2 SER Spot 1 px - Mean per Well,All Cells - chanel_2 SER Hole 1 px - Mean per Well,All Cells - chanel_2 SER Ridge 1 px - Mean per Well,All Cells - chanel_2 SER Valley 1 px - Mean per Well,All Cells - chanel_1 SER Spot 1 px - Mean per Well,All Cells - chanel_1 SER Hole 1 px - Mean per Well,All Cells - chanel_1 SER Ridge 1 px - Mean per Well,All Cells - chanel_1 SER Valley 1 px - Mean per Well,All Cells - chanel_3_intensity Mean - Mean per Well,All Cells - chanel_3_intensity Sum - Sum per Well,All Cells - chanel_2 Area [Ö²ÂµmÖ²Â²] - Mean per Well,All Cells - chanel_2 Roundness - Mean per Well,All Cells - chanel_2 Width [Ö²Âµm] - Mean per Well,All Cells - chanel_2 Length [Ö²Âµm] - Mean per Well,All Cells - chanel_1 Area [Ö²ÂµmÖ²Â²] - Mean per Well,All Cells - chanel_1 Roundness - Mean per Well,All Cells - chanel_1 Width [Ö²Âµm] - Mean per Well,All Cells - chanel_1 Length [Ö²Âµm] - Mean per Well,All Cells - chanel_4_intensity Mean - Mean per Well,All Cells - chanel_4_intensity Sum - Sum per Well,All Cells - chanel_2_intensity Mean - Mean per Well,All Cells - chanel_1_intensity Mean - Mean per Well,All Cells - chanel_1 Symmetry 02  - Mean per Well,All Cells - chanel_1 Symmetry 03  - Mean per Well,All Cells - chanel_1 Symmetry 04  - Mean per Well,All Cells - chanel_1 Symmetry 05  - Mean per Well,All Cells - chanel_1 Symmetry 12  - Mean per Well,All Cells - chanel_1 Symmetry 13  - Mean per Well,All Cells - chanel_1 Symmetry 14  - Mean per Well,All Cells - chanel_1 Symmetry 15  - Mean per Well,All Cells - chanel_1 Threshold Compactness 30%  - Mean per Well,All Cells - chanel_1 Threshold Compactness 40%  - Mean per Well,All Cells - chanel_1 Threshold Compactness 50%  - Mean per Well,All Cells - chanel_1 Threshold Compactness 60%  - Mean per Well,All Cells - chanel_1 Axial Small Length  - Mean per Well,All Cells - chanel_1 Axial Length Ratio  - Mean per Well,All Cells - chanel_1 Radial Mean  - Mean per Well,All Cells - chanel_1 Radial Relative Deviation  - Mean per Well,All Cells - chanel_1 Profile 1/2  - Mean per Well,All Cells - chanel_1 Profile 2/2  - Mean per Well,All Cells - chanel_2 Symmetry 02  - Mean per Well,All Cells - chanel_2 Symmetry 03  - Mean per Well,All Cells - chanel_2 Symmetry 04  - Mean per Well,All Cells - chanel_2 Symmetry 05  - Mean per Well,All Cells - chanel_2 Symmetry 12  - Mean per Well,All Cells - chanel_2 Symmetry 13  - Mean per Well,All Cells - chanel_2 Symmetry 14  - Mean per Well,All Cells - chanel_2 Symmetry 15  - Mean per Well,All Cells - chanel_2 Threshold Compactness 30%  - Mean per Well,All Cells - chanel_2 Threshold Compactness 40%  - Mean per Well,All Cells - chanel_2 Threshold Compactness 50%  - Mean per Well,All Cells - chanel_2 Threshold Compactness 60%  - Mean per Well,All Cells - chanel_2 Axial Small Length  - Mean per Well,All Cells - chanel_2 Axial Length Ratio  - Mean per Well,All Cells - chanel_2 Radial Mean  - Mean per Well,All Cells - chanel_2 Radial Relative Deviation  - Mean per Well,All Cells - chanel_2 Profile 1/5  - Mean per Well,All Cells - chanel_2 Profile 2/5  - Mean per Well,All Cells - chanel_2 Profile 3/5  - Mean per Well,All Cells - chanel_2 Profile 4/5  - Mean per Well,All Cells - chanel_2 Profile 5/5  - Mean per Well,All Cells - chanel_3 Threshold Compactness 30%  - Mean per Well,All Cells - chanel_3 Threshold Compactness 40%  - Mean per Well,All Cells - chanel_3 Threshold Compactness 50%  - Mean per Well,All Cells - chanel_3 Threshold Compactness 60%  - Mean per Well,All Cells - chanel_3 Radial Mean  - Mean per Well,All Cells - chanel_3 Radial Relative Deviation  - Mean per Well,All Cells - chanel_3 Profile 1/5  - Mean per Well,All Cells - chanel_3 Profile 2/5  - Mean per Well,All Cells - chanel_3 Profile 3/5  - Mean per Well,All Cells - chanel_3 Profile 4/5  - Mean per Well,All Cells - chanel_3 Profile 5/5  - Mean per Well,All Cells - chanel_4 Threshold Compactness 30%  - Mean per Well,All Cells - chanel_4 Threshold Compactness 40%  - Mean per Well,All Cells - chanel_4 Threshold Compactness 50%  - Mean per Well,All Cells - chanel_4 Threshold Compactness 60%  - Mean per Well,All Cells - chanel_4 Profile 1/5  - Mean per Well,All Cells - chanel_4 Profile 2/5  - Mean per Well,All Cells - chanel_4 Profile 3/5  - Mean per Well,All Cells - chanel_4 Profile 4/5  - Mean per Well,All Cells - chanel_4 Profile 5/5  - Mean per Well,spots_chanel_4_final - Relative Spot Intensity - Mean per Well,spots_chanel_4_final - Corrected Spot Intensity - Mean per Well,spots_chanel_4_final - Uncorrected Spot Peak Intensity - Mean per Well,spots_chanel_4_final - Spot Contrast - Mean per Well,spots_chanel_4_final - Spot Background Intensity - Mean per Well,spots_chanel_4_final - Spot Area [pxÖ²Â²] - Mean per Well,spots_chanel_4_final - Region Intensity - Mean per Well,spots_chanel_4_final - Spot to Region Intensity - Mean per Well,spots_chanel_4_final - spots_chanel_4_final Area [Ö²ÂµmÖ²Â²] - Mean per Well,spots_chanel_4_final - spots_chanel_4_final Roundness - Mean per Well,spots_chanel_4_final - spots_chanel_4_final Width [Ö²Âµm] - Mean per Well,spots_chanel_4_final - spots_chanel_4_final Length [Ö²Âµm] - Mean per Well,spots_chanel_4_final - spots_chanel_4_final Threshold Compactness 30%  - Mean per Well,spots_chanel_4_final - spots_chanel_4_final Threshold Compactness 40%  - Mean per Well,spots_chanel_4_final - spots_chanel_4_final Threshold Compactness 50%  - Mean per Well,spots_chanel_4_final - spots_chanel_4_final Threshold Compactness 60%  - Mean per Well,spots_chanel_4_final - spots_chanel_4_final Radial Mean  - Mean per Well,spots_chanel_4_final - spots_chanel_4_final Radial Relative Deviation  - Mean per Well,spots_chanel_4_final - spots_chanel_4_final Profile 1/2  - Mean per Well,spots_chanel_4_final - spots_chanel_4_final Profile 2/2  - Mean per Well,spots_chanel_4_final - spots_chanel_4_final Threshold Compactness 30% SER-Spot - Mean per Well,spots_chanel_4_final - spots_chanel_4_final Threshold Compactness 40% SER-Spot - Mean per Well,spots_chanel_4_final - spots_chanel_4_final Threshold Compactness 50% SER-Spot - Mean per Well,spots_chanel_4_final - spots_chanel_4_final Threshold Compactness 60% SER-Spot - Mean per Well,spots_chanel_4_final - spots_chanel_4_final Radial Mean SER-Spot - Mean per Well,spots_chanel_4_final - spots_chanel_4_final Radial Relative Deviation SER-Spot - Mean per Well,spots_chanel_4_final - spots_chanel_4_final Radial Mean Ratio SER-Spot - Mean per Well,spots_chanel_4_final - spots_chanel_4_final Profile 1/2 SER-Spot - Mean per Well,spots_chanel_4_final - spots_chanel_4_final Profile 2/2 SER-Spot - Mean per Well,spots_chanel_3_final - Relative Spot Intensity - Mean per Well,spots_chanel_3_final - Corrected Spot Intensity - Mean per Well,spots_chanel_3_final - Uncorrected Spot Peak Intensity - Mean per Well,spots_chanel_3_final - Spot Contrast - Mean per Well,spots_chanel_3_final - Spot Background Intensity - Mean per Well,spots_chanel_3_final - Spot Area [pxÖ²Â²] - Mean per Well,spots_chanel_3_final - Region Intensity - Mean per Well,spots_chanel_3_final - Spot to Region Intensity - Mean per Well,spots_chanel_3_final - spots_chanel_3_final Area [Ö²ÂµmÖ²Â²] - Mean per Well,spots_chanel_3_final - spots_chanel_3_final Roundness - Mean per Well,spots_chanel_3_final - spots_chanel_3_final Width [Ö²Âµm] - Mean per Well,spots_chanel_3_final - spots_chanel_3_final Length [Ö²Âµm] - Mean per Well,spots_chanel_3_final - spots_chanel_3_final Threshold Compactness 30%  - Mean per Well,spots_chanel_3_final - spots_chanel_3_final Threshold Compactness 40%  - Mean per Well,spots_chanel_3_final - spots_chanel_3_final Threshold Compactness 50%  - Mean per Well,spots_chanel_3_final - spots_chanel_3_final Threshold Compactness 60%  - Mean per Well,spots_chanel_3_final - spots_chanel_3_final Radial Mean  - Mean per Well,spots_chanel_3_final - spots_chanel_3_final Radial Relative Deviation  - Mean per Well,spots_chanel_3_final - spots_chanel_3_final Profile 1/2  - Mean per Well,spots_chanel_3_final - spots_chanel_3_final Profile 2/2  - Mean per Well,spots_chanel_3_final - spots_chanel_3_final Threshold Compactness 30% SER-Spot - Mean per Well,spots_chanel_3_final - spots_chanel_3_final Threshold Compactness 40% SER-Spot - Mean per Well,spots_chanel_3_final - spots_chanel_3_final Threshold Compactness 50% SER-Spot - Mean per Well,spots_chanel_3_final - spots_chanel_3_final Threshold Compactness 60% SER-Spot - Mean per Well,spots_chanel_3_final - spots_chanel_3_final Radial Mean SER-Spot - Mean per Well,spots_chanel_3_final - spots_chanel_3_final Radial Relative Deviation SER-Spot - Mean per Well,spots_chanel_3_final - spots_chanel_3_final Radial Mean Ratio SER-Spot - Mean per Well,spots_chanel_3_final - spots_chanel_3_final Profile 1/2 SER-Spot - Mean per Well,spots_chanel_3_final - spots_chanel_3_final Profile 2/2 SER-Spot - Mean per Well,ir_chanel_4_total - ir_chanel_4_total Area [Ö²ÂµmÖ²Â²] - Sum per Well,ir_chanel_3_total - ir_chanel_3_total Area [Ö²ÂµmÖ²Â²] - Sum per Well,total_ir_chanel_4_normalized,total_ir_chanel_3_normalized
E1_17507.0_HC_NONE,10.48910008,0.541208167,0.93485128,0.079820214,12.642783,0.667813012,0.933997986,0.072590243,11.07206791,0.766040875,1.702818161,4.377042889,4.25490155,0.692252431,1.399014448,3.370825,15.78067267,0.818195675,1.780053348,4.213588335,7.673590731,0.737167885,1.586250218,3.652539841,813,0.248904061,0.226164372,0.018415145,0.143996157,0.048233627,0.113878005,0.078020568,0.483872546,0.055945893,0.126774756,0.074275108,0.552281689,0.009089158,0.017980481,0.026197232,0.052333536,0.035824146,0.050953145,0.054720368,0.101910687,20.39151764,388595723.5,5473.591509,0.385021007,40.33063818,166.7827534,224.5278377,0.871162505,11.99261336,20.735881,63.28117578,833686904.1,1160.611396,242.2358992,0.217675791,0.060081908,0.059491635,0.03741522,0.306360575,0.079691005,0.093654445,0.052890558,0.707587234,0.493772797,0.352109309,0.346748379,10.03741128,0.669813089,12.1507397,0.378524745,1.0077671,1.002672187,0.482615976,0.129793274,0.286332301,0.123530659,0.622465939,0.171413456,0.419671951,0.194880915,0.384103088,0.422575284,0.484057692,0.58407129,35.40806661,0.397177497,61.56951491,0.627563795,0.529422648,1.016518265,2.033493904,3.014708158,3.390825578,0.267374714,0.406710808,0.601293217,0.886159716,60.72596822,0.594424778,0.496120359,1.209771164,2.7504117,0.882217608,0.590538216,0.262826046,0.385013011,0.560504859,0.816064914,0.419763523,1.206059804,3.325284173,1.026547035,0.554403571,0.63188312,287.5228289,766.8566166,0.645087789,141.5422492,11.26538065,384.7548416,1.161066673,2.778310245,0.909958914,1.219905671,2.001406613,1.412420482,1.523081377,1.703564888,1.959275087,1.20161706,0.44787631,0.992882265,1.528727214,1.791716128,1.912159459,2.070475185,2.273718029,0.997906673,0.411811376,0.81711955,0.246726033,0.479585853,0.714310357,135.5336898,339.880876,0.723485691,48.46333206,13.62918111,175.3038746,1.048152204,3.361279539,0.778394604,1.328477265,2.697421981,1.22053938,1.320759462,1.494334182,1.753386654,1.515839759,0.481236594,0.99350415,1.466625159,1.612565693,1.729604876,1.890465493,2.107719245,1.308206204,0.427694911,0.827959119,0.198748059,0.455529475,761238.1344,511698.6848,1021.076625,535.7092135
E1_301.0_GSD1A_NONE,10.72534786,0.563986973,0.938419032,0.079561428,13.17472428,0.694241401,0.937786823,0.071160713,15.39720327,0.756913564,1.818286143,5.043704619,4.289954617,0.708440289,1.411388502,3.253014247,21.54601038,0.815605376,1.979296067,4.928261549,7.439283623,0.744046806,1.606242895,3.659641132,574.5,0.239208541,0.2324704,0.020307236,0.143971074,0.045426688,0.104142668,0.072544988,0.528753089,0.053727343,0.112957849,0.070233167,0.522126002,0.009448281,0.017463152,0.029483009,0.056323579,0.035203108,0.049110974,0.053750456,0.101172887,31.33573375,259525289.1,3983.966404,0.344808395,33.21034548,164.7152756,202.1810998,0.917620364,11.58337838,19.7457143,67.3075265,469516249.9,1081.280835,374.8299509,0.235573293,0.044596492,0.05764271,0.029055579,0.335327945,0.058757188,0.096444588,0.041331522,0.778199273,0.545985405,0.43984845,0.543556091,8.993668656,0.639649981,11.16765139,0.393068854,0.974165478,1.044682253,0.51073084,0.120591208,0.309816246,0.117574989,0.668215546,0.163990113,0.469764484,0.198850248,0.465713072,0.494190313,0.547220518,0.6489757,28.39890898,0.350972976,53.07331914,0.700437009,0.465692106,1.043831188,2.102035898,3.185566512,3.669700093,0.306366002,0.450373717,0.649229777,0.933600688,49.37616339,0.670383131,0.354585788,1.312386201,3.437153432,0.926216509,0.541753104,0.33013725,0.453717073,0.628461301,0.881150967,0.281449129,1.281474631,4.30840154,1.194387759,0.556938369,0.650060407,345.3394722,917.3086833,0.665976024,153.5183843,11.4331306,446.2983413,1.16833419,2.819681363,0.916574067,1.246493601,1.999679138,1.426557344,1.545811442,1.734041649,1.994457201,1.19049999,0.44912271,0.991506346,1.580102249,1.773727091,1.891498994,2.046854171,2.249204409,0.993012185,0.409443241,0.822748142,0.261000693,0.505062761,0.737670368,202.5150516,488.1022235,0.746905786,54.66917392,14.07530237,245.2372344,1.051788847,3.471303632,0.786465672,1.340918565,2.682568186,1.230358536,1.331314276,1.502686343,1.759213834,1.504550692,0.479907001,0.99223787,1.498799235,1.611410091,1.729042848,1.888174152,2.099359412,1.296891816,0.426746152,0.830383605,0.198784283,0.453941174,281963.7686,255846.1795,562.7670662,389.6639442
E2_38.0_HC_NONE,11.08900564,0.5609318,0.934998974,0.078062863,14.26163689,0.689950956,0.918964835,0.067112508,13.65420932,0.763182052,1.796481806,4.95903346,4.582542201,0.705603967,1.425025666,3.386647831,19.0508317,0.805585174,1.946405028,4.910985927,7.993448911,0.737938784,1.625898986,3.787187527,849.8181818,0.243312243,0.221654135,0.014511589,0.131716011,0.048542136,0.122139022,0.080007793,0.565240328,0.054355941,0.128570178,0.072628747,0.584792154,0.007905564,0.014114268,0.024804013,0.058009852,0.033287566,0.047421612,0.051644344,0.106127288,46.5713852,433541576.6,3243.388162,0.399197905,29.27144346,155.8564584,196.6271817,0.920115218,11.38952411,19.57592277,122.197786,629409571.6,1888.00328,427.0064207,0.243014571,0.044811213,0.061476088,0.029848247,0.344698157,0.058282187,0.102067734,0.042169967,0.794649931,0.533167589,0.410978749,0.509543314,8.769127449,0.632064599,11.00233521,0.39590293,0.97416,1.044673915,0.570281828,0.097082206,0.372245675,0.098163407,0.734489017,0.12475416,0.551384847,0.165447939,0.495155644,0.50539912,0.556728203,0.676106476,21.94917425,0.291023614,50.22079529,0.695425153,0.449929954,1.05749464,1.882782549,2.914468311,3.354774028,0.268903945,0.393310931,0.571120028,0.829881129,49.27900517,0.628716832,0.360920418,1.360955159,2.841638397,0.860662037,0.544216415,0.290447099,0.397546704,0.553576191,0.787879446,0.303437135,1.328688132,3.714024866,1.036769726,0.480882981,0.647389149,356.1709457,945.9818931,0.663549507,159.3177973,11.89702284,464.2444912,1.162293039,2.9340882,0.909332945,1.255515261,2.05193646,1.410421996,1.524658622,1.709136968,1.969255783,1.220082906,0.449157856,0.991624741,1.557183568,1.768128875,1.886831986,2.045458117,2.250250834,1.018660339,0.411123057,0.820198133,0.2499816,0.483051269,0.747443932,228.4235849,546.2829433,0.755572161,60.08142272,15.46480221,274.8035017,1.055759154,3.813987271,0.789178747,1.364826148,2.77805681,1.220315947,1.314258131,1.472610103,1.715500604,1.542618243,0.481180053,0.991668306,1.485483152,1.604993827,1.722284094,1.879838335,2.094667495,1.315277492,0.428600382,0.818886298,0.185146111,0.418690276,419165.7075,447835.9812,583.5209689,463.9697145
E1_63582.0_GSD1A_NONE,11.70825049,0.560270703,0.923354997,0.076530479,11.99614912,0.637737373,0.903617236,0.072379728,10.23154357,0.77734524,1.696037723,4.212849665,4.290885569,0.72472603,1.428070825,3.210068043,14.75395258,0.823273116,1.841640463,4.344396052,8.45145977,0.747454942,1.638961961,3.85340934,490.2666667,0.247830921,0.224747346,0.020849949,0.149033224,0.043710188,0.078660694,0.064307124,0.380749113,0.051673705,0.114673312,0.068718507,0.565710442,0.009510468,0.017822981,0.02968549,0.066129748,0.03677807,0.05156571,0.055994148,0.108053704,8.857976887,67232794.33,3571.683029,0.336512521,29.91589719,165.8933278,203.5615609,0.904937492,11.4579972,20.02571864,61.36926967,246380113.5,839.6771428,253.9475273,0.238061966,0.046995528,0.06008235,0.032462349,0.336903422,0.061222603,0.098307141,0.045397226,0.67353733,0.43264125,0.403879591,0.589190202,9.085292616,0.639481947,11.40703892,0.3882966,0.991845792,1.020221004,0.548127301,0.133170478,0.350137728,0.127033147,0.69555781,0.167014854,0.508291927,0.205194237,0.442646751,0.477601932,0.536004515,0.629693718,27.66777496,0.33409417,54.2801421,0.705916934,0.498899535,1.065230448,1.938321438,2.970511745,3.43485083,0.360045739,0.520923578,0.732196285,1.037526308,50.68496385,0.655858649,0.413608937,1.363616151,3.151284701,0.899509837,0.551474564,0.325971645,0.448643455,0.62023536,0.86353937,0.330529648,1.345913311,4.023031413,1.142543541,0.54460855,0.645624149,318.7899918,859.6243493,0.661778878,149.6576476,12.73888357,419.5985152,1.164902321,3.141711035,0.899948546,1.254765871,2.145084448,1.398317741,1.512092762,1.694856587,1.95478399,1.270090887,0.447860896,0.991967812,1.551574642,1.739812025,1.856401667,2.010033502,2.215127807,1.096146891,0.407126247,0.838277142,0.258718,0.486930055,0.704647589,126.0275376,317.6226693,0.713443755,46.89865152,13.30325537,164.6105544,1.048199944,3.280898517,0.7902288,1.340290166,2.63472211,1.241155435,1.339372249,1.510992733,1.780285179,1.498966538,0.475119263,0.993165172,1.494278328,1.573570937,1.678595393,1.826918313,2.032179217,1.338462736,0.421264088,0.857450196,0.237679475,0.524673451,198353.2217,80694.87481,511.1820653,146.5125914
E1_656.0_HC_NONE,12.18130739,0.576452339,0.942478745,0.074684829,14.32711478,0.703919587,0.924219961,0.065785824,17.241445,0.75804231,1.865244171,5.384303798,4.70621313,0.72115059,1.441355539,3.291526168,35.27725528,0.784107598,2.363331556,6.938203226,8.209911802,0.723303661,1.613530341,3.847469873,325.4,0.260838463,0.203871204,0.012806973,0.116928328,0.054365125,0.131319959,0.085399887,0.516126862,0.053913988,0.146557426,0.075301313,0.631701845,0.00801008,0.016983566,0.0281189,0.070045949,0.029127441,0.041857965,0.046436311,0.088066984,58.43225951,242888274.1,3844.749288,0.355996723,34.13578886,164.7296121,238.1009223,0.911317489,12.84664932,20.89777546,369.3561355,1689151659,2783.294622,515.5902451,0.198463209,0.054509954,0.051545062,0.034033245,0.282350688,0.07213363,0.080497394,0.048372946,0.831177037,0.585296126,0.409191104,0.383571303,10.10040844,0.691443054,11.98218684,0.384695188,0.972187726,1.046492943,0.484012932,0.150773652,0.296562231,0.139976919,0.622960793,0.21443952,0.438000461,0.238684454,0.460392854,0.487802249,0.541952985,0.64465824,32.54876898,0.400290519,53.99717696,0.716373338,0.495685641,1.038382926,1.982544361,2.922926455,3.281971186,0.271904555,0.391330463,0.556005549,0.795502082,49.74847799,0.683099867,0.393075478,1.260047469,3.433787557,1.235315452,0.973595663,0.261623292,0.32641188,0.422490925,0.57294899,0.277102105,1.325350549,4.042896975,1.090117975,0.685513803,0.6645919,535.5751045,1354.676272,0.675345227,225.9936864,12.92938629,701.3342056,1.152089088,3.188693529,0.922092371,1.3312157,2.108260686,1.408587535,1.510092194,1.668647115,1.893809749,1.236504146,0.449075103,0.989562128,1.5575854,1.728868719,1.838452236,1.984970731,2.179963183,1.006281189,0.412773861,0.810202592,0.241699839,0.456181006,0.753380032,265.0134557,624.2970497,0.761225866,66.64530273,15.53380485,317.2257321,1.058505494,3.83100496,0.801520382,1.383931431,2.722641344,1.21929806,1.304020283,1.454779089,1.689136955,1.511799391,0.475213268,0.990751421,1.467360055,1.616595724,1.73478914,1.893481922,2.104440133,1.24720981,0.424117482,0.799574894,0.16721831,0.384563706,310117.3928,203694.4176,938.6951343,635.7964871
E1_6894.0_GSD1A_NONE,11.25960599,0.558382457,0.940105973,0.078147948,13.0296855,0.680583586,0.938881762,0.072224167,14.4167068,0.752582332,1.797942705,4.973711903,4.294387607,0.702857233,1.404618107,3.340238193,23.17359344,0.812164577,1.995460318,5.105496566,8.437182159,0.742225902,1.631292372,3.819906193,474.72,0.245851807,0.227845018,0.019615444,0.14970892,0.044754288,0.095484156,0.070788107,0.465764225,0.052000115,0.110564049,0.068679444,0.527874163,0.009048382,0.018009068,0.028138854,0.05911277,0.036526279,0.05112174,0.055310678,0.102948935,22.34640213,170006322.6,4657.212553,0.348073957,35.43836939,167.3330333,205.4580942,0.91257215,11.89261517,19.37489884,82.62226982,484444905.2,1107.609837,326.930644,0.202794695,0.046590194,0.048991037,0.029363758,0.287714013,0.061573878,0.078078429,0.040755916,0.809150429,0.55542467,0.381476023,0.385010514,9.495622701,0.686109959,11.29855122,0.3795172,0.982631576,1.033521403,0.506735249,0.142520549,0.308662928,0.136180014,0.644076235,0.186757006,0.446822809,0.217326127,0.436391163,0.477779383,0.529369173,0.616949107,34.6393395,0.383217713,60.05900795,0.66357089,0.512096182,1.030621743,2.124861903,3.171732173,3.624007489,0.325279638,0.475255856,0.679464047,0.969865672,58.27979864,0.638772247,0.422464128,1.264174336,3.301192627,0.906304927,0.585744818,0.322753477,0.441054717,0.606165709,0.842004335,0.345585677,1.241319296,4.236775439,1.128581601,0.541352369,0.643519559,355.0417032,934.4689573,0.65732018,164.1852842,11.98760365,469.3402449,1.160722808,2.956427578,0.91405268,1.263009907,2.051797167,1.412575628,1.521505319,1.694781665,1.940891845,1.217810904,0.447983838,0.991531064,1.544752361,1.755314362,1.871306746,2.02385613,2.225693145,1.012258675,0.410295492,0.821017834,0.2529604,0.475521474,0.71754448,160.9381647,393.2321221,0.725986033,50.55622971,13.92929727,202.4167584,1.045392569,3.43529531,0.776618606,1.335462646,2.732262995,1.213114304,1.309284616,1.476605949,1.735126253,1.535167035,0.481065958,0.993221183,1.465284425,1.594114942,1.708775493,1.867855366,2.079672365,1.345161687,0.425819394,0.841708513,0.204109002,0.457447324,257350.5448,177538.0437,654.9546271,330.8234377
E1_7522.0_HC_NONE,11.33919282,0.613073472,0.942774042,0.079867038,14.94920277,0.735437628,0.9188738,0.063776642,16.67201699,0.781146531,1.847534314,5.048597316,4.817447342,0.725972715,1.452090717,3.271382792,26.29597779,0.797820228,2.056572036,5.775323441,7.547850687,0.725152353,1.591647641,3.68746401,252.8666667,0.236917535,0.199217024,0.012223507,0.112766681,0.052777117,0.140474054,0.08606352,0.610812554,0.055574338,0.154441101,0.075865299,0.637118648,0.007506785,0.014621712,0.023846871,0.057666332,0.029886382,0.043440367,0.047251946,0.097551072,102.5347165,434891833,4389.408338,0.427356668,36.74604642,166.593771,239.0958265,0.894536756,12.22439909,22.05694146,405.5474603,1441318610,3139.26679,576.3891677,0.258670434,0.051957368,0.068626634,0.035679931,0.367394754,0.067104284,0.116088932,0.051633981,0.783751361,0.539730822,0.4165479,0.474225613,9.462854605,0.610151975,12.10264267,0.406454789,0.960554252,1.058220293,0.522248757,0.114443845,0.331584446,0.114550656,0.679511586,0.164961133,0.492576532,0.198808888,0.492232658,0.502587977,0.533309648,0.599313353,27.1537228,0.340803743,54.15801013,0.684160508,0.431858519,1.050367813,1.972138797,2.786991123,3.130395234,0.226952798,0.329740531,0.481471668,0.707936028,49.3037441,0.645502532,0.314070148,1.272064793,2.860323134,1.092054625,0.749561588,0.234237394,0.300841224,0.404635243,0.575186833,0.256167883,1.258978445,3.609440767,1.214563861,0.697279577,0.693916598,563.4974979,1399.202638,0.705251561,206.761564,12.03048313,709.5127336,1.145398674,2.967002675,0.926011734,1.30986231,2.016177904,1.433424888,1.551890985,1.731304591,1.973922724,1.193066782,0.450025322,0.98972263,1.596503864,1.760370228,1.877010811,2.031516042,2.231821764,0.977715719,0.412181672,0.8144059,0.255513465,0.493757942,0.789968064,386.2051755,880.3720198,0.795454554,78.48803257,16.32591173,447.0176431,1.05662894,4.026357318,0.812346206,1.408572824,2.765189845,1.222938609,1.305154876,1.449628464,1.679642589,1.529789985,0.474937169,0.989494203,1.488544812,1.615830063,1.732593888,1.888922224,2.10164811,1.262769922,0.426296501,0.795948421,0.162171542,0.373042039,298716.9641,266050.5982,1170.273324,1052.860848
E1_75858.0_GSD1A_NONE,10.48742304,0.547408111,0.941933376,0.081176221,12.6832628,0.674728877,0.918332318,0.070959371,13.16888701,0.761654762,1.784813858,4.863913518,4.411202457,0.694438723,1.412938902,3.374631062,16.41316952,0.824531191,1.858747262,4.368988682,6.943948468,0.740839475,1.578091281,3.561529726,999.7,0.251087955,0.234970231,0.018236089,0.127563344,0.048567165,0.116884261,0.078227233,0.531626511,0.056427433,0.124237001,0.073739276,0.539602579,0.00871525,0.016218038,0.024568727,0.050035462,0.032046089,0.045827844,0.050218607,0.100854969,34.15304013,372718019,3915.247701,0.426862711,34.78789994,145.0824287,212.0837542,0.908362423,11.75376934,20.39703966,77.8091407,680912279.6,1392.610898,411.3311336,0.241657007,0.049646543,0.060545529,0.031464289,0.341704692,0.06535707,0.100693669,0.045757228,0.857206383,0.651157391,0.448417897,0.375339988,9.237399032,0.635260654,11.55127296,0.392332777,0.981423954,1.035444993,0.478044962,0.120686903,0.281696665,0.115936247,0.621381237,0.166064771,0.418478931,0.19111028,0.44715594,0.477108982,0.521208352,0.592847131,29.05353252,0.394729748,51.84213557,0.632516694,0.509666573,1.023781545,1.850136205,2.717759356,3.090359525,0.294860529,0.433026437,0.625973985,0.904910673,50.27289483,0.605196763,0.458761902,1.258776118,2.816863243,0.748328992,0.447053805,0.351450793,0.488896333,0.679865988,0.944365455,0.433398483,1.194751322,3.589825531,1.067627809,0.525140952,0.640107414,332.0419619,880.7458321,0.655463678,146.3699527,11.20149807,426.3748064,1.174121239,2.762555283,0.924066996,1.220481071,1.966588476,1.44316154,1.565564718,1.756437893,2.017479442,1.176098675,0.448492375,0.992028192,1.582092057,1.784076812,1.900948745,2.055498063,2.258648264,0.989305525,0.409458462,0.827908642,0.271308828,0.521703892,0.739240201,202.2011846,483.2509111,0.746419293,54.59719856,13.86274988,245.2917464,1.049218422,3.418883142,0.796156374,1.352319155,2.641139936,1.236660317,1.328683507,1.49536107,1.745050838,1.476810714,0.481167249,0.992175722,1.484538892,1.604022563,1.722799692,1.885140743,2.099199028,1.257580471,0.428398605,0.823411363,0.199415269,0.449157633,476741.8483,355834.1742,563.0417544,429.7114404
E2_762.0_GSD1A_NONE,11.46111253,0.554350878,0.930827849,0.076221417,12.85862775,0.673273006,0.950486655,0.07455579,13.16996401,0.758724372,1.765400514,4.679441805,4.121705977,0.677067663,1.363818501,3.182791528,24.41355092,0.797608112,2.037112725,5.322559437,8.656189149,0.730668397,1.633357793,3.88398535,737.9705882,0.260993595,0.227199784,0.022791262,0.138805958,0.04794065,0.097892605,0.073668949,0.443376038,0.052455302,0.114389953,0.069987373,0.518843261,0.010469271,0.019759714,0.030624335,0.056064878,0.034184113,0.047608029,0.052197927,0.102748486,17.78335267,145129621.2,3657.129211,0.34996138,31.89883976,148.2617649,176.2589752,0.959441742,11.91563027,16.92987644,98.35784935,581823361.2,877.3178446,428.5342839,0.14675806,0.040550725,0.034487908,0.023811809,0.209510624,0.053434345,0.050715383,0.031499003,0.925415728,0.677537121,0.452852389,0.395447792,9.12859868,0.763069522,10.07555989,0.37086684,0.968111636,1.052360501,0.465034298,0.13222285,0.27136371,0.122587883,0.61021537,0.18673833,0.409605568,0.206980585,0.481154812,0.524877028,0.591903441,0.69980123,29.64426425,0.402663858,50.04172248,0.683293961,0.486269173,1.021532817,2.134183305,3.369659606,3.893703491,0.344948449,0.50434256,0.716801819,1.011395698,50.60073327,0.637721134,0.457682392,1.290550746,3.197906319,0.813249692,0.456679372,0.288522499,0.394174969,0.547554063,0.773981735,0.328729132,1.259399916,4.540861359,1.167749894,0.461291604,0.64218792,368.1691094,964.346574,0.655344725,168.0313419,12.35231948,488.0545335,1.151615253,3.046375156,0.90505322,1.269718927,2.103017377,1.391510663,1.493231628,1.662066229,1.906333656,1.247375043,0.44831155,0.991770709,1.5187813,1.761180831,1.879937933,2.03617024,2.238947289,1.035508741,0.412078341,0.816140205,0.234099755,0.448232547,0.70993621,143.2368967,357.1864482,0.718257893,48.5419211,13.60292647,183.8697464,1.042108546,3.354804524,0.779896654,1.331620513,2.667713864,1.219698749,1.31653836,1.48614854,1.753509396,1.517178933,0.475915652,0.993951074,1.428290831,1.59213447,1.709469687,1.862331928,2.080228902,1.342182498,0.423207573,0.850438701,0.210790081,0.456319701,393624.0577,186655.4034,576.5075833,239.3217358
E1_9503.0_HC_NONE,11.81824769,0.546702758,0.932112546,0.074834576,12.59262084,0.66109997,0.949058242,0.074173995,12.603146,0.758734557,1.765138914,4.675411484,4.195410693,0.698182287,1.403018397,3.297370197,25.75084389,0.792281234,2.045947023,5.47160422,9.953578202,0.733832709,1.671267703,4.072817494,975.4,0.256340763,0.217506201,0.018120195,0.144684391,0.04857812,0.107261515,0.076375755,0.469641417,0.050848697,0.113399849,0.068547883,0.536339659,0.008955538,0.016495152,0.027291571,0.052563238,0.035767523,0.050418243,0.054581571,0.103363167,17.04710614,304425730.7,3923.253169,0.360348127,33.33493529,155.2838589,191.288159,0.930111186,11.78386409,18.41135885,74.13349212,878540702.1,1090.185021,295.6422523,0.18670164,0.046006855,0.045276644,0.028399336,0.265666169,0.060653747,0.070401004,0.03906988,0.841449154,0.573413095,0.396017539,0.392091365,9.201709903,0.707510186,10.7153953,0.380992363,0.973634137,1.045030596,0.500914211,0.118551005,0.29935339,0.114945492,0.651838647,0.160938833,0.447843316,0.190549827,0.489835457,0.516712431,0.558089688,0.641503485,28.25494378,0.367067263,52.02546402,0.667482896,0.469696365,1.051185125,2.080311791,3.09358378,3.527687775,0.282906502,0.425756225,0.622651619,0.903327429,52.26069374,0.629665775,0.422020286,1.279313692,3.140232558,0.878695065,0.577109339,0.26727394,0.36485687,0.50378586,0.709641959,0.300053929,1.254250339,4.400661203,1.174209296,0.556621883,0.632381921,343.1013745,900.1767563,0.643714219,170.8398485,12.69447495,470.4023417,1.144073944,3.130758816,0.899644626,1.28451282,2.142392332,1.3729114,1.464897386,1.619029638,1.849280956,1.268381864,0.448111457,0.991890785,1.48914704,1.742946303,1.860254217,2.015072378,2.218236344,1.040525655,0.414602173,0.808944282,0.223617832,0.42455502,0.701677449,126.7851262,320.1166216,0.710068262,48.365997,13.28793937,167.1087621,1.046393438,3.277121227,0.784312195,1.325976299,2.61955692,1.224079676,1.320036659,1.487789494,1.745490619,1.482036256,0.478354007,0.99363155,1.449805337,1.61001552,1.727400202,1.885103584,2.097942762,1.275015997,0.426042141,0.829583782,0.201819246,0.456748003,621618.6243,402500.237,686.5849678,338.1072384
E2_17507.0_HC_NONE,11.34955326,0.579986823,0.923436926,0.077162459,13.25033939,0.688843568,0.928788888,0.069852033,12.40273812,0.769417904,1.739737884,4.614667876,4.400666147,0.697800805,1.409862675,3.386153554,17.24423881,0.813846066,1.836227807,4.500494595,9.113838998,0.747787165,1.64126914,3.86346269,331.96,0.255475854,0.229137309,0.017027126,0.147328659,0.049359406,0.115270313,0.078286139,0.523897662,0.055048675,0.125905027,0.07322775,0.574341805,0.008764381,0.017721132,0.027214827,0.056544094,0.036197979,0.050903929,0.054967546,0.101236311,25.37935129,198153116.4,5213.284427,0.381938421,39.27425248,173.4411173,218.270477,0.892529523,12.0035515,20.41048972,82.06423625,487246990.2,1448.176907,323.1886443,0.217998945,0.05728542,0.056673475,0.03638908,0.309593035,0.075064814,0.090416907,0.051322988,0.729941064,0.528219943,0.382756976,0.367807201,9.745684452,0.665295702,11.81791803,0.38298859,0.998890817,1.010201526,0.501235908,0.132288172,0.307041509,0.128587729,0.645712621,0.179428663,0.451696051,0.209756986,0.40949338,0.442937779,0.514846465,0.632916546,34.18035367,0.378077251,60.55165769,0.666664092,0.5036051,1.014094222,2.126931972,3.243136887,3.671006676,0.275216046,0.407394708,0.595791879,0.869401806,59.47208273,0.629764576,0.421888102,1.232917538,3.041105432,0.915455278,0.586541243,0.281552097,0.396876635,0.562336307,0.808910075,0.330990807,1.241289631,3.68101711,1.030844798,0.533687473,0.662744777,380.9794557,992.006699,0.676296165,163.828927,12.32969789,494.4775961,1.151378052,3.040796135,0.90419297,1.27238578,2.096426515,1.400072038,1.512653081,1.692412959,1.944406709,1.245479797,0.448884542,0.991557529,1.546013794,1.760912819,1.881930435,2.040486258,2.246310548,1.041849875,0.411059084,0.820041457,0.242562929,0.470500036,0.733620182,170.3918262,419.1886351,0.74284225,52.27560898,14.32002535,211.9078433,1.051657347,3.531658126,0.777241183,1.340944169,2.751246254,1.21570201,1.315545876,1.482978922,1.736668416,1.539873433,0.48162532,0.99262207,1.483656941,1.604476052,1.722465113,1.882219079,2.095999455,1.334643422,0.42706447,0.831014293,0.193739561,0.444290679,316580.8994,219787.1852,985.871213,565.4517224
E2_301.0_GSD1A_NONE,12.39908681,0.573600869,0.925284291,0.073947874,13.03866753,0.690812601,0.941072759,0.071327552,15.76197213,0.75871015,1.815703079,4.984201223,4.374410198,0.704898341,1.411616882,3.28098971,27.1299046,0.791421075,2.077416783,5.68670191,11.00328079,0.73810216,1.68732521,4.170097422,521.4054054,0.24005379,0.214894893,0.023539328,0.147098838,0.046263584,0.106307892,0.074112627,0.512918357,0.050383656,0.116479397,0.068254644,0.579550361,0.010407088,0.018632971,0.030468799,0.054956989,0.036201784,0.050510009,0.054651119,0.104173852,25.69536429,224238757.4,3952.539704,0.330949626,32.68361674,167.2850766,192.2694059,0.935045712,11.6521224,18.77700184,107.0456946,675243645,712.5518319,361.241674,0.205303574,0.042736839,0.049529592,0.027891546,0.293044688,0.055915367,0.079990532,0.038176704,0.756676999,0.493556761,0.408940446,0.556524552,9.010493217,0.680261009,10.79078491,0.384509964,0.975992515,1.041766718,0.511498444,0.11869596,0.313664233,0.115465981,0.669718156,0.163155753,0.476683152,0.199200688,0.461331475,0.499283509,0.578389898,0.700852936,28.48564305,0.34978522,52.84868885,0.720630639,0.474551676,1.038465339,2.153735545,3.455576362,4.002067622,0.289164087,0.423762206,0.612158243,0.886384747,49.91614076,0.669152294,0.371664937,1.3382276,3.532069694,0.804060566,0.421762907,0.262039906,0.356826026,0.495085696,0.701351786,0.291465211,1.325885203,4.372398661,1.004780664,0.362694353,0.654395516,423.6860107,1083.122842,0.664706212,191.1581247,13.43451989,567.9763431,1.135304902,3.313271463,0.89646477,1.317255663,2.202827763,1.36731378,1.46107155,1.615309508,1.842753222,1.299509928,0.447969305,0.991279402,1.501253404,1.728040748,1.847191189,2.003796544,2.209086969,1.078774015,0.413899694,0.815058174,0.222623748,0.425889547,0.735055692,175.819256,431.6556706,0.744644558,53.52329165,13.88308937,218.0303679,1.05476056,3.423899343,0.791623075,1.338344153,2.624518444,1.235986852,1.338382035,1.510561914,1.768678461,1.482735724,0.476102515,0.992372568,1.491141016,1.630893332,1.749870906,1.909221566,2.123108366,1.263464503,0.423411032,0.821845101,0.194402519,0.449897007,340014.85,251298.9737,738.6503594,433.0110461
E1_38.0_HC_NONE,12.23337642,0.572931557,0.916396073,0.073856033,13.53385019,0.696455764,0.92414711,0.068721506,13.72854351,0.768076975,1.801384742,4.951221121,4.419792922,0.702240507,1.401738376,3.262246309,19.895336,0.786510625,1.951046018,5.008438698,10.00866696,0.742743839,1.695598157,4.119714422,376.28,0.244853191,0.108102216,0.014639241,0.140609323,0.047530993,0.11392357,0.075936114,0.536675871,0.053665108,0.125626267,0.071678158,0.586477594,0.008062066,0.014240137,0.025575653,0.057570456,0.03522316,0.049806289,0.053989992,0.108053836,31.11903404,191737964.2,3301.757842,0.382419683,29.00884125,162.6238042,192.9630563,0.920084564,11.37006685,19.22123792,83.41869297,340518505.5,1758.347608,394.2980625,0.2312827,0.047092744,0.055512159,0.030609325,0.329488149,0.061611432,0.09133773,0.043057836,0.76072655,0.518980665,0.423614677,0.533836166,8.832267621,0.644682748,10.91184506,0.390223351,0.979577618,1.036754817,0.573174449,0.104882006,0.376493602,0.104456446,0.736985377,0.135705218,0.556970759,0.1783956,0.504456314,0.51369359,0.56000463,0.684923648,23.0531318,0.290870083,51.58393525,0.713647671,0.437568712,1.06960981,1.942073942,3.019104003,3.489120874,0.296313742,0.428134151,0.61263247,0.874970864,50.16160799,0.657240834,0.331022762,1.369942134,3.084981926,0.878774614,0.516295758,0.282662956,0.385979363,0.53717578,0.764496636,0.260786383,1.345001133,4.022158635,0.98361255,0.402333504,0.655352809,379.558453,1011.838739,0.671530809,172.109621,13.41601964,501.469484,1.150538252,3.308708863,0.894936263,1.295665882,2.206782254,1.375968647,1.482182165,1.657573092,1.912163117,1.30033263,0.448877205,0.991179814,1.532692828,1.731713006,1.85130609,2.007230244,2.21381524,1.10390194,0.410332679,0.826334147,0.237175178,0.45199186,0.742302031,201.4895103,492.0449702,0.752415201,56.59180652,14.69609285,245.6196386,1.05447946,3.624405297,0.789280673,1.356362948,2.751139114,1.229108959,1.324591818,1.488872345,1.730790181,1.52836374,0.480360142,0.991472185,1.50506346,1.599675273,1.711996044,1.865361636,2.074171666,1.315920608,0.424451319,0.826723588,0.196129499,0.446852265,206819.9263,188703.6916,590.4641097,395.6490126
E2_63582.0_GSD1A_NONE,12.07957129,0.564992206,0.925910312,0.075772331,12.31346341,0.648232767,0.905950391,0.070672655,10.82397746,0.773620585,1.716857035,4.409743427,4.290436324,0.691032043,1.402803185,3.389715511,17.74702884,0.814516437,1.939461216,4.866539395,8.584165777,0.743689524,1.642665532,3.9002282,360.72,0.265864995,0.216489457,0.018725189,0.135897431,0.048938709,0.103512628,0.075397335,0.479748959,0.051645145,0.1267089,0.070553197,0.641762757,0.008861157,0.01714981,0.028379828,0.067029389,0.033821574,0.047498958,0.052053876,0.10467836,17.03294228,118095940.4,3602.811075,0.346197946,29.87336943,169.7732332,211.5173718,0.919436128,11.84654528,20.14656592,114.8333383,374178107.9,1069.065811,392.9649139,0.235080202,0.044417928,0.055041024,0.030732511,0.335512896,0.057750295,0.092089233,0.042913836,0.731811668,0.47589949,0.412719924,0.575951436,9.195248072,0.639348237,11.40968272,0.390634912,0.979478119,1.034646343,0.574450552,0.131514673,0.382889104,0.126078134,0.720081392,0.161650254,0.542668891,0.204570368,0.424214495,0.461414554,0.523578926,0.635691932,27.20549655,0.312958947,57.49431407,0.705779707,0.517127491,1.051686091,1.835432345,2.863892189,3.327197509,0.330284287,0.48724675,0.699764409,0.998031553,56.41882805,0.660689125,0.47176563,1.338760741,2.888995176,0.82173738,0.507179525,0.300664063,0.406225195,0.55430592,0.775943808,0.360287649,1.356363726,3.796288495,0.951784814,0.436781502,0.648838493,379.0540818,994.8540417,0.66371234,167.772642,13.12543442,495.2912568,1.160321185,3.237043652,0.903523112,1.278811158,2.171242757,1.397969823,1.506016997,1.679122558,1.924464341,1.275446306,0.449295942,0.991348171,1.550764079,1.730125913,1.845650616,1.997657302,2.197696035,1.092887449,0.409736805,0.833928954,0.255027984,0.479281762,0.714664965,141.832044,355.7710314,0.723003437,48.5743875,13.525344,181.7876706,1.045035986,3.335670844,0.783138849,1.334262453,2.684982552,1.229651601,1.330395626,1.502231795,1.756355455,1.510226589,0.481937823,0.993099729,1.488274239,1.59179832,1.700382665,1.855343558,2.062951458,1.32656582,0.428341173,0.844910599,0.214816512,0.479808638,194431.148,139911.5878,604.0313536,276.8133767
E2_6894.0_GSD1A_NONE,12.29142362,0.568109923,0.92137143,0.074357014,13.06832365,0.683385238,0.926056219,0.070417209,13.32967488,0.757061142,1.770846831,4.855302857,4.385649612,0.689231333,1.404287923,3.417289052,25.01103644,0.803223412,2.008419233,5.22655094,10.17055206,0.742580686,1.672917018,4.052746516,388.3513514,0.250440733,0.223161675,0.022037463,0.149988515,0.046120225,0.105484901,0.074651482,0.516354062,0.051056223,0.110753943,0.06816938,0.537759364,0.00973561,0.018871635,0.02855481,0.057473758,0.036640584,0.05108381,0.055273363,0.10360383,21.18804215,161461026.6,4375.722776,0.369901809,35.49652961,161.3836554,202.6406023,0.926978656,12.11163023,18.83847377,82.62782368,476379586.9,844.7624438,315.9224988,0.182102373,0.045064869,0.043059273,0.02766418,0.259495541,0.058920754,0.066766929,0.037372151,0.814384867,0.57466545,0.395299918,0.366792381,9.601192931,0.713417564,11.11417123,0.374242879,0.985115751,1.030591066,0.492192979,0.142202337,0.296310232,0.133004908,0.631557565,0.194921921,0.434164707,0.220886759,0.435831457,0.484655756,0.564102898,0.677996173,33.23600315,0.392065342,57.18318965,0.673948323,0.523101867,1.000617988,2.100349244,3.314648408,3.805630899,0.310522355,0.45215922,0.647725811,0.927451701,55.72706502,0.642401469,0.427273812,1.250122289,3.41006019,0.840668088,0.50261301,0.298107186,0.404163932,0.555984673,0.778240863,0.332069417,1.217890426,4.518146648,1.106528338,0.492031503,0.650662586,392.8716979,1015.183839,0.662306914,177.7631782,13.39574252,523.2299645,1.14457369,3.303708042,0.898700072,1.300159554,2.195104517,1.377577437,1.475783988,1.636868952,1.869404487,1.296471775,0.447517656,0.991481821,1.508638994,1.728169715,1.846189645,2.001202726,2.205694807,1.093099055,0.411528928,0.823758271,0.234330623,0.438240523,0.727262211,157.1033183,387.8692597,0.736043831,50.20611978,14.15539411,197.6498784,1.048376328,3.491056155,0.772183031,1.335559597,2.768060477,1.211395983,1.309944368,1.480449154,1.737156668,1.548717521,0.482755403,0.993100767,1.472989229,1.599653786,1.718898351,1.878194474,2.094052748,1.351887076,0.42771172,0.837080752,0.197395592,0.445607283,253321.5083,185523.2107,687.509578,405.5932761
E2_75858.0_GSD1A_NONE,12.02442587,0.569069753,0.920873987,0.075478686,12.61207925,0.636102577,0.859019372,0.064826888,12.28936092,0.786015094,1.762808331,4.503660044,4.365786182,0.706951899,1.418864563,3.280837242,18.37873325,0.814247957,1.917005904,4.715298968,9.248899927,0.747873914,1.658151407,3.924707137,302.6086957,0.234274984,0.225462346,0.020030502,0.147813428,0.042261018,0.090028628,0.066449607,0.456354608,0.052071562,0.11322457,0.069188286,0.549576242,0.009263443,0.016829479,0.026790243,0.051951655,0.036554318,0.052172033,0.05595854,0.107185867,16.73131064,81010816.78,3982.650551,0.39811534,34.86389243,153.4708869,203.0957583,0.920272878,11.71900237,19.62357226,71.70761345,303938827,1126.679928,284.2613328,0.226991614,0.051881769,0.054290347,0.031644016,0.32150595,0.067775721,0.089381391,0.045232824,0.772639904,0.536657054,0.392748106,0.383770181,9.170638634,0.653880823,11.25338016,0.386296552,0.989060497,1.024990465,0.481275563,0.12294472,0.278284305,0.120595469,0.620940534,0.169774318,0.408475253,0.203537963,0.510823342,0.534034684,0.574395856,0.666132875,29.87586602,0.400673639,52.0598584,0.659340191,0.452261598,1.038228206,2.039277359,3.065861817,3.522779125,0.325729718,0.469925409,0.664340255,0.943231291,48.6336157,0.626751904,0.315429172,1.282510259,3.398067026,0.973316681,0.560859545,0.349466072,0.474853181,0.653068325,0.892286313,0.28369295,1.250527713,3.95920462,1.170772894,0.602923648,0.65535283,359.9469765,957.7426283,0.67119872,161.8527702,13.22697447,471.7214947,1.155864076,3.262085836,0.899715301,1.270817598,2.185606659,1.394895707,1.507307236,1.691315974,1.949976881,1.292379768,0.448826312,0.991575761,1.548722243,1.740848338,1.861599513,2.012533647,2.218408194,1.112321238,0.409519269,0.834371069,0.251532688,0.483293123,0.723168816,156.5415704,397.3401397,0.73689734,51.02196071,14.74253135,197.6608528,1.051401745,3.635858133,0.773951606,1.348113987,2.82737514,1.216434198,1.337717443,1.541931614,1.780863447,1.570142208,0.488521589,0.991914871,1.528292365,1.594404748,1.697655097,1.850900183,2.129280277,1.398652201,0.436498912,0.845875204,0.213250556,0.498915244,175204.0099,97595.55254,632.1340336,302.2655019
E1_762.0_GSD1A_NONE,12.42049587,0.587189945,0.919459993,0.073409665,12.03559015,0.65527188,0.939983438,0.076006761,12.62849962,0.765274101,1.761174462,4.513331951,3.973149014,0.7427413,1.399033483,2.975138579,24.32974392,0.790243581,2.055689224,5.560951547,11.52490653,0.734112068,1.709132481,4.30530509,462,0.266339645,0.221653058,0.019645219,0.134506032,0.048784831,0.090749946,0.071329093,0.384825003,0.051562658,0.118879205,0.070051862,0.561256478,0.009406667,0.018408183,0.030060013,0.057871604,0.033920416,0.048045772,0.052745661,0.102552241,10.74324222,79822357.6,3389.474279,0.356474083,30.67711598,151.7723667,186.6664204,0.950515668,11.98316446,17.85340296,112.7798302,640233494.1,921.8995796,364.1440714,0.168639402,0.042624586,0.038545117,0.025736969,0.24140966,0.055856671,0.058219235,0.03425923,0.883830517,0.643300501,0.442296151,0.389110924,9.272196118,0.729916707,10.53388677,0.370844349,0.983169393,1.029151693,0.485148565,0.135442202,0.295170431,0.125753387,0.637378459,0.194534391,0.448360533,0.218092403,0.492206522,0.528694995,0.609360774,0.729607333,28.04692566,0.380464519,49.16184395,0.712529664,0.485280756,1.019563321,2.116030591,3.279327148,3.740302293,0.330702286,0.483772179,0.693778433,1.000262854,50.40462538,0.645754588,0.440064743,1.314357292,3.014720423,0.857720149,0.519558545,0.268382802,0.370727683,0.521599785,0.750541467,0.312743231,1.318649552,4.092556326,0.983207458,0.405433933,0.666295425,428.9595825,1103.630706,0.678146415,191.3639364,13.52708927,574.1807349,1.130432025,3.336101269,0.88999694,1.320656517,2.223800939,1.356948892,1.454281411,1.617870887,1.861574985,1.31287823,0.449003652,0.991263188,1.499352862,1.737632761,1.861063218,2.022299592,2.234381664,1.088294721,0.413268311,0.811624157,0.213445561,0.416304365,0.701972663,127.5990708,325.4155761,0.712538613,48.05154226,12.77707755,167.912149,1.044395797,3.151130578,0.800621283,1.324212637,2.497709082,1.250938852,1.353204812,1.536411443,1.799342773,1.432549715,0.473680322,0.993017167,1.48016395,1.617686026,1.721405377,1.867971504,2.063869942,1.24169974,0.416749085,0.834520336,0.229538686,0.514440084,314149.732,106705.9512,659.0490079,178.2265476
E3_9503.0_HC_NONE,13.20247165,0.578701088,0.916754943,0.072507025,12.88189407,0.663203953,0.901782257,0.067998067,12.59775767,0.768385576,1.773812887,4.697169019,4.391642196,0.707669975,1.416595978,3.319594516,24.78261818,0.793296735,2.068597973,5.490837461,10.94794896,0.737870664,1.710172284,4.225615812,472.9574468,0.252174482,0.218830281,0.017433983,0.143349427,0.048585036,0.11347207,0.077084964,0.522674483,0.051487664,0.120685474,0.069757998,0.580451731,0.0088634,0.016079959,0.027957793,0.054768229,0.035545007,0.049643847,0.054044479,0.104748855,25.2295009,203659991.6,3688.250842,0.369782236,32.22096782,159.0648437,190.8292602,0.938933344,11.77574934,18.47355489,112.6531078,647645293.1,1319.566962,392.4707348,0.193275694,0.045199815,0.045982224,0.029351099,0.2758168,0.059064452,0.072523402,0.040088,0.842106152,0.594016567,0.418091907,0.410683729,9.066639124,0.697108942,10.66515101,0.38361174,0.972306773,1.047609467,0.518568068,0.118595777,0.317051885,0.115940619,0.674090822,0.165034979,0.476089322,0.198507615,0.500553467,0.518432074,0.567262684,0.675051826,26.57232475,0.346471675,50.93413464,0.696799558,0.461502766,1.045372473,2.083754548,3.159913775,3.61355425,0.281146497,0.411904328,0.59500533,0.857902066,50.72559102,0.652349245,0.386543368,1.291923482,3.312045068,0.887344333,0.53773922,0.266667962,0.356324998,0.48807672,0.686193639,0.275226385,1.292892922,4.319007114,1.013604333,0.436510361,0.66135673,439.7070084,1130.15626,0.672729139,193.9532921,14.55496551,585.1674235,1.135788024,3.589599946,0.892728702,1.330424669,2.291293667,1.361155933,1.455678248,1.611950215,1.843502434,1.341521386,0.449199232,0.990966213,1.500969641,1.714156172,1.832940116,1.989785888,2.194900343,1.135617637,0.414129594,0.820949295,0.224503925,0.421674302,0.725872811,166.8204425,412.9243135,0.735668202,52.85741145,14.30504489,209.473536,1.04969463,3.527963591,0.781999351,1.351917314,2.727034608,1.218372964,1.313322475,1.478192684,1.72862179,1.522445884,0.481662611,0.992348771,1.484068424,1.589681119,1.707018323,1.867218049,2.072607506,1.312956618,0.428429255,0.828498512,0.198537266,0.44897682,322400.0783,232328.4519,691.9634785,400.2906194
E3_17507.0_HC_NONE,11.38982262,0.572223667,0.923643747,0.077037798,13.52098555,0.691470294,0.91870068,0.068575174,12.48275071,0.768937293,1.740675398,4.631271343,4.461213533,0.696931884,1.411754951,3.391444615,17.39687733,0.821583184,1.840955307,4.439918081,8.907807822,0.753480701,1.647472744,3.846394245,365.4666667,0.261435886,0.23654063,0.01680625,0.144886438,0.050545321,0.11494414,0.07885808,0.507537913,0.055654587,0.119763408,0.073601933,0.529125738,0.008973999,0.018284941,0.028052994,0.063127213,0.035568973,0.049643613,0.053939533,0.100583498,25.25260095,229742068.4,5050.613315,0.381537871,39.09066366,173.2416481,225.8496713,0.907215724,12.3682888,20.49274212,72.66702845,435414883.1,1983.719845,371.7409714,0.215311141,0.053060681,0.054744704,0.033981194,0.306406701,0.070217732,0.086930136,0.048061847,0.77954261,0.542652211,0.375831661,0.362000347,9.812427689,0.6675125,11.83287108,0.382770488,0.991993245,1.01696013,0.498593941,0.137628723,0.308476164,0.131618884,0.641019898,0.188491597,0.45144636,0.216111589,0.417506883,0.452153228,0.514176921,0.625186139,34.20688616,0.383622402,59.71629992,0.672993767,0.50185245,1.022752933,2.130567465,3.203892751,3.609358959,0.280517466,0.414697609,0.60315553,0.866527018,59.50156783,0.634699485,0.432487378,1.229330483,2.984256361,0.970868968,0.667354476,0.34334863,0.47144298,0.64857352,0.901660658,0.316452386,1.239835707,3.908674626,1.086079731,0.594044357,0.65779381,372.7779574,977.9494018,0.672374845,160.6887142,12.39965966,481.6065834,1.161272228,3.058050369,0.909519894,1.262805507,2.091903141,1.412790085,1.52819072,1.710414101,1.966266319,1.242015244,0.448300922,0.991530777,1.562973166,1.758623233,1.878043986,2.035531082,2.238562926,1.050443827,0.409130005,0.826778083,0.253358902,0.486699502,0.733098887,168.0407846,415.095292,0.74299347,52.19416741,14.79830402,209.6211702,1.052229871,3.649612998,0.770443124,1.339934131,2.804972976,1.206278079,1.306640568,1.47842834,1.734163591,1.579198764,0.479504491,0.992876821,1.477742359,1.599092136,1.719546465,1.879146005,2.096958854,1.388768834,0.424497862,0.839770763,0.192105949,0.437982226,259299.0104,241772.3741,818.0297526,522.101668
E3_301.0_GSD1A_NONE,11.17886703,0.607973801,0.938458601,0.080069366,13.91430979,0.697402676,0.919820761,0.067292256,12.53794698,0.765640823,1.765385917,4.811296227,4.504832365,0.702953968,1.416263587,3.382142875,19.42228192,0.824380101,1.984093351,4.848816559,7.363847864,0.741559618,1.611688658,3.652373325,470.0666667,0.270871429,0.235914673,0.014579782,0.115792978,0.054327572,0.130211451,0.085647465,0.558510655,0.057886674,0.139775629,0.076853354,0.615734093,0.007862385,0.015015938,0.027156202,0.062727264,0.029888105,0.041862141,0.04708238,0.100189624,37.31682006,188739762.1,3671.538001,0.373697132,30.91785972,160.6666446,220.1528388,0.940575254,12.33263154,20.37497497,151.7792143,868659803.1,2070.293014,617.904761,0.226703826,0.037864507,0.052299923,0.024174612,0.325308972,0.049459665,0.089500113,0.033987899,0.916830942,0.680355587,0.47680269,0.431144931,9.258082971,0.647720828,11.36571341,0.39607954,0.952630089,1.07236242,0.538834305,0.118586442,0.338707263,0.118920777,0.697752075,0.160592368,0.50594843,0.20347632,0.532559366,0.556301963,0.579718907,0.641593765,25.56911341,0.327829657,51.30504525,0.718057398,0.460521376,1.062323696,1.944275494,2.799725099,3.199122217,0.302890496,0.432624588,0.611178844,0.867595571,52.10159416,0.690566495,0.407924583,1.311657425,2.958529188,1.088372935,0.765029868,0.349109034,0.472579774,0.629673517,0.865397776,0.286513652,1.310079772,4.091136885,1.189258408,0.611918701,0.687484258,486.5410106,1245.717618,0.702926952,177.5139724,11.91805142,602.3194657,1.158222945,2.939274346,0.922510753,1.286492155,2.022557372,1.441373928,1.56776846,1.7622068,2.019302063,1.193497389,0.451755962,0.989970966,1.622675537,1.762731668,1.880487331,2.03531839,2.239130856,0.999504903,0.410038921,0.825473612,0.267152487,0.521328298,0.743416869,217.5089587,530.0908099,0.752154843,57.69350412,15.19216222,262.6939134,1.053761143,3.746747778,0.780608066,1.356430492,2.824941257,1.209399923,1.302802403,1.465847912,1.711647534,1.56080716,0.482888159,0.991843745,1.479633674,1.599100883,1.714868648,1.872816369,2.084829866,1.348960554,0.426705908,0.827883682,0.183390887,0.416529049,308622.557,199596.8136,614.1157888,460.9503056
E3_38.0_HC_NONE,11.65032261,0.57857722,0.929860035,0.076328416,14.03224992,0.709823674,0.924250669,0.066949313,15.50617071,0.759987628,1.858217478,5.240126242,4.545942699,0.715385062,1.42852061,3.307435213,21.90928987,0.800497475,2.040387981,5.321983949,8.798402263,0.741790526,1.662519086,3.921058504,330.3555556,0.244626545,0.224735873,0.01419209,0.12611931,0.048740701,0.120024667,0.078325053,0.558175911,0.055123745,0.130854555,0.073648988,0.57381391,0.007999611,0.014622133,0.026487118,0.061556316,0.032901877,0.047601016,0.051498712,0.109529831,49.54056394,212784684,3080.942666,0.388062008,28.51649553,156.8358865,199.9084943,0.922082091,11.32639548,19.87637434,120.1784695,445163716.3,2193.833268,509.9997051,0.250997529,0.04424155,0.061096054,0.029748665,0.356492833,0.057649004,0.102820839,0.041998393,0.815223918,0.55304668,0.420860137,0.510504233,8.685258322,0.619874594,11.07925863,0.398357278,0.969471067,1.050557658,0.568542602,0.104053644,0.370139095,0.104290639,0.733370051,0.137906733,0.551561184,0.17975477,0.511100547,0.528327882,0.576832605,0.679911782,22.30434154,0.294092979,49.0774581,0.717907571,0.443187701,1.067096807,1.91255631,2.941295575,3.381996283,0.29107939,0.419403706,0.600525071,0.864312894,47.55607414,0.657469283,0.341505672,1.369010096,3.001176211,0.934006341,0.597951122,0.31264102,0.426547314,0.587371657,0.826294051,0.266128414,1.346627571,3.911202577,1.047716762,0.489455866,0.661999157,414.2668433,1086.305291,0.678198518,173.9149638,12.53879041,533.9760608,1.155527923,3.092363314,0.907144834,1.281983926,2.110990123,1.402544093,1.516366687,1.700055209,1.957680257,1.247084165,0.449409933,0.990915661,1.562602912,1.757204149,1.877385149,2.034985708,2.239493849,1.046306611,0.410101586,0.822278325,0.244726852,0.472593081,0.755584633,252.4225949,598.8536995,0.764222915,62.25096678,15.20057301,300.7303728,1.055484181,3.748822079,0.790115819,1.365192463,2.766845596,1.220058844,1.314511878,1.475576397,1.72097199,1.537658786,0.479093148,0.991230061,1.493541563,1.605059826,1.721260911,1.878225929,2.090508871,1.31264765,0.425607158,0.821562544,0.183972357,0.419592979,191982.9251,161948.4236,579.6551028,440.5220349
E3_63582.0_GSD1A_NONE,11.39910568,0.605985389,0.941905333,0.07902694,13.45108753,0.669207529,0.941641022,0.071054933,11.39637259,0.757495046,1.747893688,4.742391402,4.378922855,0.713638559,1.425805715,3.348471304,23.78148462,0.808767516,2.110770467,5.553885031,7.817470672,0.746849432,1.640331701,3.770531802,413.4,0.281836903,0.220902845,0.012357062,0.121018774,0.052099673,0.11043517,0.080700888,0.485060674,0.054317678,0.1326607,0.073702458,0.640840119,0.007276632,0.014470271,0.026484848,0.068529301,0.030469601,0.042639312,0.04786392,0.098945305,18.82095544,112657357.4,3487.643145,0.3449402,28.82636228,165.6074344,238.7828239,0.905390722,12.07590982,22.38089678,154.7889508,802576389,2288.241218,542.0719396,0.276933273,0.04521389,0.073554195,0.032778457,0.392534504,0.05862634,0.126151524,0.047097239,0.792691375,0.52030608,0.414430097,0.517620135,9.268537809,0.586650917,12.24685823,0.407321091,0.966598356,1.050618712,0.582239726,0.13118973,0.388974077,0.127194212,0.726928039,0.153119295,0.548237688,0.198000637,0.495072577,0.533144154,0.561072289,0.613816114,26.24692894,0.310240678,55.31227633,0.711344547,0.475893442,1.070382348,1.897310947,2.769136395,3.200303117,0.349534169,0.504071707,0.711775117,1.006045537,60.25370079,0.655525716,0.489087427,1.313835071,2.400459532,1.12510991,0.891813863,0.346255892,0.454803764,0.600699753,0.807593629,0.303263265,1.313426171,4.278677127,1.360174351,0.757287117,0.685879329,472.0020277,1205.331782,0.70017315,180.9584367,12.1029526,595.4598271,1.153648101,2.984875367,0.918659837,1.294032732,2.046578729,1.423546916,1.542151066,1.727645997,1.982426023,1.20456164,0.451615815,0.989978856,1.598459941,1.753129553,1.869903332,2.02492594,2.226939562,0.994271602,0.410864928,0.816757415,0.256931972,0.497270996,0.701853482,138.5305558,348.4644186,0.710049298,49.96775426,14.31608806,180.3040757,1.043004344,3.530687097,0.77165533,1.331838802,2.839563526,1.201801731,1.292022227,1.454185041,1.708116152,1.581590599,0.483380415,0.99343513,1.443015051,1.573301099,1.688418053,1.845199545,2.054829181,1.401932099,0.429194967,0.850290144,0.200358436,0.443113928,262310.7301,122439.411,635.6323474,295.8047948
E3_656.0_HC_NONE,12.12274927,0.599492099,0.94363905,0.076332093,13.62394209,0.69524658,0.931759982,0.068234335,17.43861321,0.7523156,1.85188634,5.393058068,4.61688866,0.713325204,1.431006534,3.322390218,33.50406291,0.788966626,2.249310161,6.566472293,8.39292662,0.728616346,1.614020263,3.814464026,399.9333333,0.261605309,0.212262613,0.014624918,0.118795488,0.052967746,0.127893455,0.084285905,0.523436263,0.055224239,0.148595125,0.07592538,0.656281677,0.008178491,0.016715429,0.027924021,0.061992423,0.029527648,0.042115772,0.046937685,0.08708834,42.65601435,318951550.3,4242.113292,0.3495158,35.3255361,167.8910213,243.3148722,0.909028624,13.04033922,21.09846048,286.1755462,1788225385,1844.529651,501.9501499,0.19317028,0.053723259,0.050316981,0.034034322,0.275061716,0.071437802,0.077879736,0.048013561,0.830523687,0.587158131,0.400160126,0.367869496,10.32030029,0.698430735,12.18371332,0.381980656,0.975304241,1.041887478,0.479527701,0.151768432,0.291566877,0.140952343,0.616228961,0.215604744,0.430600381,0.237825207,0.441260744,0.47693286,0.53890219,0.644142265,34.88364096,0.409103619,56.41549636,0.706473812,0.514136918,1.014034809,2.048688709,3.046251253,3.42246704,0.275329689,0.403176968,0.580564821,0.834125826,52.29978218,0.678120945,0.403919223,1.246713665,3.511982845,1.105496565,0.832154206,0.253470016,0.329580744,0.443359129,0.61682693,0.297644335,1.310511743,3.946706322,0.983277437,0.552307924,0.682706556,561.8950958,1401.931934,0.692743812,222.3015377,12.8483126,724.2292468,1.143536158,3.168698833,0.918835964,1.332377674,2.104940914,1.409440312,1.51701498,1.681560972,1.909186803,1.235632357,0.450313501,0.989628597,1.561753063,1.737501603,1.851913153,2.002740606,2.202863711,1.006409841,0.41395154,0.809985832,0.240826205,0.456066287,0.744271189,220.6397183,527.6972827,0.752124496,60.6640093,14.63357032,268.2337005,1.057160391,3.608985759,0.799065835,1.364232498,2.659380068,1.225027515,1.314524457,1.469394844,1.709880427,1.481821774,0.47646518,0.991477907,1.468129873,1.629294337,1.748560881,1.907003417,2.120221626,1.220063263,0.424618139,0.799918151,0.172768896,0.399642584,408593.3785,267112.5271,1020.010574,625.755049
E3_6894.0_GSD1A_NONE,11.69665479,0.596462082,0.933984475,0.077264518,13.5071552,0.691740577,0.934769742,0.070007207,13.98087537,0.760186336,1.791016956,4.867762718,4.355163921,0.706465707,1.415794456,3.276092195,23.91269785,0.809822587,2.024103779,5.240529692,8.491867338,0.741135516,1.639231005,3.827571029,337.76,0.255100919,0.226583145,0.020359791,0.14011662,0.048178426,0.104529946,0.075333921,0.47446728,0.053564515,0.123980871,0.071539638,0.585385892,0.009357827,0.018251973,0.029594373,0.062067067,0.034689096,0.048642851,0.052939584,0.102332804,26.87181026,118878301.5,4229.474981,0.3484174,33.70252903,167.8414409,208.3075427,0.933509695,12.1916155,19.37744041,134.3029332,702951940.3,1290.48228,415.6238866,0.196599464,0.043709767,0.047179763,0.027838811,0.280003407,0.05748879,0.075208501,0.038301848,0.823972481,0.557064707,0.393585281,0.429829866,9.4784018,0.69357245,11.22299248,0.380881272,0.976092209,1.041390027,0.515424539,0.142773625,0.321198593,0.135541862,0.656845164,0.191195336,0.468300129,0.221561705,0.455702376,0.49325374,0.542771953,0.62983911,32.67691552,0.371803137,57.31160975,0.691610919,0.507786636,1.036603389,2.103279994,3.208587452,3.673631718,0.313020912,0.46115663,0.663810713,0.949739064,55.74275287,0.652324971,0.40917265,1.294059763,3.266209808,0.91125273,0.594068511,0.321298093,0.43156666,0.584424423,0.809108788,0.308389262,1.291178535,4.262634682,1.05870265,0.461307018,0.676712841,467.6995257,1193.395373,0.690016181,182.4304573,12.53346557,593.6456854,1.148983861,3.091050083,0.910996652,1.297734505,2.097804012,1.409585427,1.522522563,1.698847135,1.944833484,1.236861754,0.45020213,0.990453967,1.56877666,1.749035437,1.866403672,2.020934319,2.224573403,1.030837198,0.410642776,0.820339902,0.246987844,0.474971281,0.730074638,177.9892836,436.3610193,0.739612925,53.43520077,14.47490723,220.9884153,1.04989971,3.569855674,0.777351691,1.340964478,2.752043293,1.215382738,1.315240901,1.486593329,1.745734494,1.547730609,0.477982551,0.992775619,1.473231308,1.604186837,1.72299827,1.881556129,2.098125935,1.353390734,0.423856429,0.838891242,0.195663039,0.445476186,236945.6862,131789.9822,719.692513,387.9929822
E2_7522.0_HC_NONE,11.33356585,0.624154119,0.94408448,0.08050792,14.24171659,0.732762364,0.935468037,0.066374834,18.40789135,0.761418328,1.887513096,5.406742337,4.886961078,0.725190398,1.456116906,3.308838097,30.32859469,0.791190623,2.123655536,6.164311151,7.912150932,0.727150201,1.602477118,3.731074366,428.6666667,0.236057133,0.197668775,0.013963198,0.11063161,0.052972956,0.145658617,0.087716882,0.628362383,0.055537328,0.159392505,0.076011754,0.681987156,0.007988194,0.015008188,0.025125831,0.054555093,0.029915236,0.044089157,0.047502962,0.099217206,92.0527074,767599472.1,4385.428207,0.404364356,36.0493072,165.9475835,244.0142252,0.90044155,12.49558752,22.16525891,353.5126461,2269385067,2164.980376,606.131542,0.254359812,0.053511296,0.066474368,0.035193154,0.361238316,0.069838931,0.111853261,0.050863598,0.791166484,0.538340568,0.41077374,0.472289148,9.60877241,0.615533436,12.2071947,0.403919085,0.963027914,1.054444761,0.518257058,0.119254587,0.325332036,0.119985537,0.674321313,0.169013167,0.485563165,0.205058059,0.470004297,0.49064079,0.535963816,0.61463296,28.16119852,0.347272484,54.43283674,0.689538524,0.453076474,1.030833985,2.027191066,2.918406186,3.292513364,0.22508666,0.330027569,0.48437748,0.715517259,51.50842196,0.642923358,0.357055493,1.271659594,2.861276107,1.006511489,0.693079662,0.227752468,0.306274678,0.428901564,0.62077214,0.298685242,1.274592179,3.411957444,1.037467703,0.55463519,0.705089182,587.4774565,1439.113993,0.714745234,208.7296951,12.00664739,736.5149781,1.137474409,2.961124216,0.92324197,1.310987143,2.020046886,1.429513412,1.548760698,1.729121666,1.971989352,1.196015998,0.450975196,0.989942799,1.584542012,1.772644037,1.893401468,2.050977839,2.254895886,0.972372127,0.414313019,0.809117062,0.247910861,0.478290415,0.788374497,358.5578449,820.8938348,0.793321372,75.95968722,15.23283635,417.0574091,1.057434818,3.756778985,0.821823494,1.399024648,2.624719029,1.238121224,1.321126924,1.466226885,1.695105196,1.455109181,0.475577927,0.989458496,1.495656478,1.639284169,1.757363168,1.915811732,2.127525554,1.15951683,0.428468066,0.77859722,0.160860361,0.375282078,561822.5461,509992.7104,1254.205643,1105.783734
E3_75858.0_GSD1A_NONE,11.16737036,0.574291185,0.937199931,0.078615676,13.42560196,0.700363887,0.928807127,0.069301013,15.3859121,0.753327955,1.831069238,5.169105628,4.382434887,0.700596525,1.411139343,3.328601771,21.99848652,0.819097797,1.98045829,4.919761819,8.223158539,0.746099933,1.631723212,3.777184165,420.15,0.249347693,0.235453971,0.017987726,0.132990515,0.046935596,0.108194334,0.074851977,0.519998012,0.055196381,0.119456151,0.072632667,0.533465791,0.008851368,0.017362637,0.028034012,0.058037532,0.033442826,0.047190786,0.051757394,0.103649916,32.33524628,242367724.7,4057.246504,0.388441664,34.74235024,159.4299006,209.7300436,0.921228841,11.71681337,20.28713149,88.16992037,599236763.4,1312.75475,472.0960007,0.243927854,0.044782949,0.060117907,0.028545843,0.344815076,0.059749813,0.100682586,0.04150217,0.898520195,0.682451599,0.459830694,0.378573928,9.012432634,0.632461912,11.38523225,0.39641312,0.967499781,1.053459342,0.511073574,0.128543127,0.311308347,0.124811804,0.658443869,0.178093282,0.459938495,0.210151422,0.456667138,0.485836166,0.530735719,0.615796863,29.72302572,0.365515178,54.02000361,0.679873857,0.48883995,1.030010684,2.007170658,3.034158808,3.468398315,0.306409126,0.446000684,0.639269458,0.915866655,51.35107021,0.644610821,0.378472058,1.279545861,3.240543142,0.844823428,0.50168505,0.360780884,0.492242218,0.672308686,0.927991198,0.317452912,1.239704299,4.126142572,1.080953367,0.495531214,0.659092518,396.4240299,1036.717437,0.674565879,165.7611135,11.92564776,506.9506518,1.163926047,2.941147783,0.917482608,1.26631502,2.037234172,1.42614302,1.544697727,1.729673086,1.984363572,1.207754581,0.448866905,0.991021361,1.58003294,1.762601109,1.88037681,2.035894412,2.238723702,1.01058785,0.409195826,0.82455851,0.259465994,0.495977971,0.744580945,206.7444696,495.8180126,0.753932233,54.8883484,14.46594395,249.7731126,1.051252795,3.567645117,0.7777559,1.345959676,2.74835927,1.215841348,1.317096429,1.487997182,1.741517832,1.537538606,0.480722766,0.992338111,1.491198652,1.601936714,1.72143851,1.882278407,2.097359386,1.332365009,0.426409937,0.833619239,0.194003487,0.440780266,253425.1976,198719.5648,605.5256409,401.7912415
E3_762.0_GSD1A_NONE,13.11250723,0.562916505,0.916217793,0.070525076,12.82630345,0.665566433,0.913154915,0.069902846,14.47928843,0.756933406,1.789226725,4.781341613,4.13698509,0.697005957,1.396222486,3.204189903,28.88210101,0.788096787,2.105559959,5.85671686,12.05103334,0.731854993,1.72885126,4.404163072,316.2,0.2446717,0.217738113,0.023211683,0.145935768,0.044750431,0.086748802,0.067115674,0.403600791,0.050298263,0.10972026,0.068444757,0.50985997,0.01067438,0.020992942,0.032931372,0.063304545,0.035894062,0.050118955,0.054354226,0.103421627,15.11579783,74093904.7,4078.842624,0.334114825,32.59404628,164.6926044,182.6954994,0.952572614,11.9057317,17.50526626,114.9270853,504728001.4,847.9526079,414.89614,0.161281718,0.043549563,0.037574335,0.025999978,0.230865472,0.056659011,0.056299142,0.034566474,0.860303136,0.62727009,0.426583163,0.383078539,9.229874389,0.741043388,10.42285175,0.368756645,0.983432725,1.029290946,0.491959466,0.152700587,0.295890226,0.141618211,0.634418169,0.212614003,0.440379684,0.24010858,0.460354135,0.515927349,0.604255388,0.736288684,33.31426344,0.390667835,55.4849383,0.719661456,0.499361331,1.006786734,2.268277872,3.719205817,4.294815795,0.335555984,0.495012707,0.71223223,1.012990215,52.22887401,0.671875038,0.395134081,1.300174005,3.599926515,0.92222273,0.554326941,0.268934546,0.360334218,0.494499638,0.694193822,0.29088062,1.278465642,4.971706352,1.155757115,0.44728595,0.645190142,431.0465511,1117.909692,0.656042687,201.1130428,14.33054092,585.0694777,1.134117806,3.534251516,0.890319302,1.332939654,2.290191704,1.347704957,1.431151734,1.577231008,1.80325782,1.345978874,0.446081188,0.991131043,1.479189282,1.709421892,1.826477641,1.980576127,2.185676276,1.129384087,0.411827548,0.818571666,0.213293519,0.400313923,0.719018128,144.9550918,360.7859762,0.727435979,48.14689315,13.94208055,184.316939,1.047807532,3.438447969,0.773527324,1.321393656,2.717331755,1.221748926,1.330070069,1.510118652,1.776905918,1.558943251,0.474757449,0.993818816,1.471144129,1.600655455,1.717385366,1.877025795,2.086411218,1.402953993,0.422590976,0.862428021,0.215856764,0.478022741,215441.4349,80622.27701,726.7460427,231.993878
E2_9503.0_HC_NONE,12.65792942,0.578597639,0.92704415,0.073538633,13.29033117,0.683247555,0.931914871,0.069919442,13.45188505,0.759770001,1.788955913,4.861766978,4.317886462,0.699781061,1.408252458,3.321241807,26.77738275,0.798433778,2.139519801,5.657789321,10.60261633,0.744056059,1.712184213,4.171743097,515.3,0.259625813,0.22392348,0.015577491,0.143632432,0.04971197,0.112084994,0.077605877,0.501631953,0.051521364,0.114289126,0.069017484,0.547670424,0.00840597,0.015808633,0.028072333,0.056152187,0.035510313,0.049149187,0.053605083,0.104281242,22.53974666,207172008,3762.610811,0.368372142,32.27695725,162.8719987,196.5882161,0.94440426,11.95899754,18.7279555,93.19552259,711158891.9,1726.016368,422.8486032,0.194813537,0.041282014,0.044846096,0.026133063,0.278270137,0.054300726,0.071392813,0.035998272,0.882130491,0.599128025,0.404809801,0.400620851,9.111536749,0.694219078,10.74579568,0.385766787,0.963874509,1.056314768,0.533305805,0.11860149,0.330348554,0.117555889,0.687752583,0.162652276,0.4898158,0.199774018,0.510603138,0.526554874,0.563087452,0.662067882,26.98426625,0.338567068,52.28610667,0.700278821,0.453711189,1.046493164,2.11601713,3.18219002,3.635882681,0.286162671,0.42241429,0.613388243,0.889071191,52.6347933,0.658772205,0.385035855,1.288630235,3.319797343,0.913718111,0.582101656,0.296527781,0.395335602,0.535171731,0.740610093,0.2532593,1.287202012,4.616691617,1.030159651,0.417183618,0.659793178,432.7360642,1116.399326,0.672353947,189.5032946,13.67924039,572.2309896,1.143171287,3.373625348,0.899993072,1.31904839,2.213398541,1.375328284,1.472687361,1.633497291,1.866442598,1.300204232,0.448095571,0.990729559,1.520085329,1.719590855,1.83626365,1.990270677,2.193972338,1.08887834,0.411643211,0.820021029,0.232230619,0.436291496,0.723958187,157.5402552,391.5553774,0.73387184,51.37558724,14.28081572,199.0237981,1.050407857,3.5219881,0.774371649,1.33523142,2.745883513,1.211377955,1.311153458,1.481901616,1.739402317,1.54235086,0.479566757,0.993007702,1.469212501,1.603266246,1.72105977,1.879822588,2.093543214,1.341164495,0.42445234,0.834578355,0.193698207,0.441738744,312170.1983,234645.5072,624.7082759,380.4905115
