PC,cell_type_compound,cell_type,compound,cell_id,compound_cell_id,all_cells - chanel_3 Gabor Max 2 px w2 - Mean per Well,all_cells - chanel_2 Area,all_cells - chanel_3 SER Ridge 1 px - Mean per Well,all_cells - chanel_3_intensity Mean - Mean per Well,spotschan3_intensitymean_div_chan2area,chan3_intensitymean_div_chan2area,all_cells - chanel_1 Area,ir_chanel_3_at - Intensity ir_chanel_3_at chanel_3 Mean - Mean per Well,spots_chanel_3_final - Region Intensity - Mean per Well,spots_chanel_3_final - Spot to Region Intensity - Mean per Well,spots_chanel_3_final - Corrected Spot Intensity - Mean per Well
24s,E_UT,E,UT,654.0,UT_654.0,-0.5480594957005676,2.4658315891941878,-0.9678321339911112,1.3628893883316977,-56.64650420222959,-7.727130766850664,0.6232326841280753,4.706181353872388,0.6802601876717339,0.2483212829056041,0.7682931744727759
24s,E_T,E,T,654.0,T_654.0,-0.5435719935966291,2.462468406217696,-0.9664386612717965,1.0771488457702278,-60.189133542282846,-7.935258950533314,0.6232233542661744,4.642127772437469,0.6796181318210263,0.2474608844813363,0.7666110419349701
24s,E_UT,E,UT,654.0,UT_654.0,-0.5486083047712857,2.461764163953183,-0.971741637736436,0.9923766385301795,-57.6761389473928,-8.007750205688659,0.6232250653674001,4.689143780895053,0.6797598766515056,0.2454242623276945,0.7669903810881114
24s,E_T,E,T,654.0,T_654.0,-0.5487876903597392,2.463268831598543,-0.9737221719392042,0.8057150002907064,-59.5010654662453,-8.263529618829901,0.6232253323663413,4.605048149967166,0.679733412875471,0.2534055227950634,0.7670020720006883
24s,E_UT,E,UT,654.0,UT_654.0,-0.5539074115392234,2.4630455065622665,-0.9808692587545949,0.400617567112872,-57.46793179109491,-8.72141773122231,0.6232137587972377,4.513506064844665,0.6798599922407265,0.2889806202710969,0.7673933888777109
24s,E_T,E,T,654.0,T_654.0,-0.5518347914475676,2.4595598075197285,-0.9774378119371664,0.8196453620509412,-51.68867867115026,-8.134450021254452,0.6232130318182929,4.552076102927698,0.6800062438411194,0.2839162825246943,0.7677975134941807
24s,E_UT,E,UT,654.0,UT_654.0,-0.5524169556016137,2.460027483798708,-0.9798061118257052,0.4177960010284112,-54.87451600107182,-8.608264408222691,0.6232226545331923,4.44363829358536,0.679750622371033,0.3175594256151594,0.7671676989820455
24s,E_T,E,T,654.0,T_654.0,-0.549867947649686,2.4515631213266325,-0.976159149144966,0.587261795047778,-46.54280224758108,-8.167310646208023,0.6232121658141335,4.493639258913619,0.6797468545853701,0.2839735625643188,0.7671080490502361
24s,E_UT,E,UT,654.0,UT_654.0,-0.5535368330105024,2.461012861625992,-0.9801361283561096,0.6156826288837133,-53.0446146831645,-8.410036146422721,0.6232253127786472,4.518013529003283,0.6800248017798105,0.2691846961481622,0.7678506646439203
24s,E_T,E,T,654.0,T_654.0,-0.5535575964398078,2.462361421175992,-0.9816150332654554,0.1805618586796844,-59.4013007044213,-8.958630887556334,0.6232275157541038,4.394947782931575,0.6796128067735744,0.2688971288061232,0.7667622581350373
24s,HC_UT,HC,UT,8429.0,UT_8429.0,-0.5458375309370639,2.425887868347236,-0.9644872670496256,2.050380279362132,-19.89504191714748,-5.967818617567323,0.6231171928516417,5.028465201003522,0.6812502702253175,0.2450478435987528,0.7709575818849721
24s,HC_UT,HC,UT,8429.0,UT_8429.0,-0.5523468859045101,2.4221500929393973,-0.9765696148793844,0.9490196756657288,-26.798945807414203,-7.047186490440695,0.6231259934765975,4.772989744574183,0.6800085897962939,0.2829778344403381,0.7676930658548491
24s,L_T,L,T,640.0,T_640.0,-0.5487386670237665,2.448004763414604,-0.972250962640162,1.0211428599109476,-44.84139295407303,-7.5838343339036625,0.6231849047678527,4.610472182586085,0.6796543390564025,0.2801574708996349,0.7667026296993364
24s,L_UT,L,UT,640.0,UT_640.0,-0.5501871358944164,2.443253102908466,-0.9724461951675368,1.2284466588599638,-36.195990160447806,-7.233912189766862,0.6231869097614466,4.867541657230854,0.680239654377658,0.275655844964001,0.7682820458125523
24s,L_T,L,T,640.0,T_640.0,-0.5522581734635346,2.445899386590211,-0.9757123348382266,1.041185193251714,-39.20102119013671,-7.5063130054390035,0.6231900793541697,4.710552514158709,0.6800677439340507,0.304863898274886,0.767919032925435
24s,L_UT,L,UT,640.0,UT_640.0,-0.5536984058219451,2.444457767324967,-0.9801086314079976,0.6751807713838351,-38.02933840018671,-7.876791556758455,0.6231844784295205,4.614205452827389,0.6800718030230948,0.2866618431027238,0.7679659948611894
24s,L_T,L,T,640.0,T_640.0,-0.5531722219303953,2.4429808896794305,-0.9780872804602372,0.8962291080100202,-34.22266845702244,-7.5912674109909775,0.6231727226480587,4.695365605315748,0.6804071570558141,0.2638390998861743,0.768831659641364
24s,L_UT,L,UT,640.0,UT_640.0,-0.5551783480257025,2.439427805248384,-0.9816544361033062,0.6026906434574955,-33.21215746153852,-7.83119202658536,0.6231690087882684,4.666023730248414,0.6802545846809873,0.2945799112506182,0.7684817621568195
24s,L_T,L,T,640.0,T_640.0,-0.5546928201779502,2.4440699389415057,-0.9811572560188314,0.6240817134407103,-36.600071013989904,-7.924589013044269,0.6231612270943683,4.577853386896843,0.6801904751770468,0.2939276427688304,0.7683228961055185
24s,L_UT,L,UT,640.0,UT_640.0,-0.5568831202090051,2.4475771570203104,-0.9859304782989912,0.2006008728033768,-41.53945098254688,-8.505870201277538,0.6231946981853959,4.399544629659427,0.6798811306898517,0.3496275303720616,0.7675948539884174
24s,L_T,L,T,640.0,T_640.0,-0.5550201754136228,2.4458032764143622,-0.9821701933079132,0.393799538067919,-41.12328374591613,-8.233504158226399,0.6231833952118728,4.486104589574087,0.6798215598065395,0.3002107300250454,0.7673100466984264
24s,E_T,E,T,657.0,T_657.0,-0.5537224687358903,2.449544710410964,-0.9694763825233876,2.1922339492819,-29.18584942828591,-6.387164016024617,0.6231868770144854,4.966722126455559,0.6813335417321357,0.236755529971504,0.7711720400742317
24s,E_UT,E,UT,657.0,UT_657.0,-0.5539223886864052,2.44315936307257,-0.9673763367789814,2.3217126720310888,-24.42323829943987,-6.09359855826607,0.6231783229013822,5.12825901760168,0.6814762451628145,0.2088317841408661,0.7715407821691052
24s,E_T,E,T,657.0,T_657.0,-0.5521068004804629,2.441520733093837,-0.9702188047451472,1.817902346051336,-29.323946124204326,-6.566124380488647,0.6231746437721964,4.926205172413253,0.6809003382353491,0.258108525651223,0.7700269329035678
24s,E_UT,E,UT,657.0,UT_657.0,-0.5524623531165859,2.4367770016630965,-0.9704669676480462,1.7228959693754924,-28.13208329951757,-6.550088443055504,0.6231717247440983,4.896120628879101,0.6807740509789754,0.2392332673987555,0.7696648976124802
24s,E_T,E,T,657.0,T_657.0,-0.5542086605109576,2.4427456534067438,-0.9735126016769272,1.5666456415243732,-30.25606452071577,-6.85943932966475,0.6231603173622937,4.973916368775318,0.6808657126435621,0.262084586820051,0.7699484467406913
24s,E_T,E,T,657.0,T_657.0,-0.5531678469530351,2.445540152132866,-0.9726657615274076,1.4458424798722616,-35.55331644539176,-7.058697010827543,0.6231862149197824,4.880088827890726,0.6804815388480557,0.2697937342604218,0.7689179021532783
24s,E_UT,E,UT,657.0,UT_657.0,-0.5570355589403267,2.442675925857483,-0.9785720782717806,1.3234267542548617,-32.47572773984342,-7.11684360582908,0.6231786202574813,4.878582986833441,0.6806333124655907,0.2534333380820388,0.7692975140955037
24s,E_T,E,T,657.0,T_657.0,-0.5539608371466416,2.438835450706948,-0.9758161719530524,1.1771033452290556,-33.05898233556343,-7.179669942253924,0.6231698479768845,4.3122503126756895,0.6802731635800147,0.3305944016829076,0.7684194990654736
24s,PC2_UT,PC2,UT,1.0,UT_1.0,-0.55305419653142,2.4476589973572147,-0.9730100119691416,1.498055323721038,-30.516604531934,-7.058190135518347,0.6232030463289618,4.892841096950512,0.6811257881459956,0.2324537354398231,0.7706049897281437
24s,PC2_T,PC2,T,1.0,T_1.0,-0.5499140158707727,2.4341416290411093,-0.9723473790837932,1.132412545672579,-32.902662738377366,-7.115839340974016,0.6232122707369084,4.723379902508067,0.6799683100303754,0.3157729833109267,0.7675434711004594
24s,PC2_UT,PC2,UT,1.0,UT_1.0,-0.5522840219394554,2.4450081003044453,-0.9755762415364516,1.0170652564867135,-40.378842394858175,-7.509703566055943,0.6232010606317965,4.69368960370897,0.679886669500091,0.2903174316397163,0.7673575192327673
24s,PC2_T,PC2,T,1.0,T_1.0,-0.5504491073704444,2.4404506998819846,-0.9756431814750132,0.6957310760287193,-39.898111146256326,-7.7515758067659615,0.6231901982726533,4.569714454257785,0.6795272410563492,0.2999535970443901,0.7664265940591207
24s,PC2_UT,PC2,UT,1.0,UT_1.0,-0.5522036365663368,2.4474258343747888,-0.9782802339392772,0.497923147118594,-47.51482053208557,-8.156763563268346,0.6231979663581482,4.546711554782767,0.6792582108903946,0.3018357039813066,0.7657045012918631
24s,PC2_T,PC2,T,1.0,T_1.0,-0.5512521851789082,2.4458409064916973,-0.9779788528089476,0.4259146122289671,-47.15043922263267,-8.197437969338191,0.6232101720932605,4.529413900388776,0.6791289038101467,0.296699865948814,0.7653694177043644
24s,PC2_UT,PC2,UT,1.0,UT_1.0,-0.5539025609817829,2.442247107572367,-0.9814624723703904,0.1095748505992607,-47.34052697555171,-8.472603159781144,0.6232065228529272,4.383828671472384,0.6786645392166494,0.3396621841586353,0.76421773276981
24s,PC2_T,PC2,T,1.0,T_1.0,-0.5493013712981416,2.4460404670274256,-0.9765348218959516,0.3747938436589593,-48.54883719628306,-8.261756521491973,0.6232181660019851,4.436500045036388,0.6789795827996508,0.2719513602270472,0.7649549595439459
24s,PC2_UT,PC2,UT,1.0,UT_1.0,-0.5585542533177301,2.4444013156340447,-0.988485813198722,-0.3063935083597316,-41.99314887731428,-9.027959107669815,0.6232047037813743,4.276046214878988,0.679556101831271,0.3076317957012762,0.7666944405844865
24s,PC2_T,PC2,T,1.0,T_1.0,-0.5540148438198953,2.444950257501046,-0.9820527677475264,0.0774355629972377,-48.46909908289311,-8.581020413527257,0.6231960257172459,4.382702933362986,0.6788523263026398,0.2908669838994336,0.7646494659235192
24s,NC2_T,NC2,T,5250.0,T_5250.0,-0.5545222321531694,2.4455823573025004,-0.9820163685876674,0.2994222950513535,-43.08831640017996,-8.3371144488696,0.6232073821184249,4.492277343605721,0.6795743668419307,0.3438773327273085,0.7666357138945351
24s,NC2_UT,NC2,UT,5250.0,UT_5250.0,-0.5579000701173733,2.4441167636622336,-0.9874778455045808,-0.0812583902479641,-40.411596012979125,-8.748124992055265,0.6232126011348741,4.449307797897903,0.6797167537931549,0.3345374669915711,0.7671391474537695
24s,NC2_T,NC2,T,5250.0,T_5250.0,-0.5548395883634242,2.453288076468309,-0.9818362095346688,0.4864205467358113,-46.9620919537106,-8.331304126174597,0.6232276995708517,4.582973243871021,0.6798823174660775,0.2825383287401724,0.7674233867302304
24s,NC2_UT,NC2,UT,5250.0,UT_5250.0,-0.5599353684788219,2.4513684326880942,-0.9901560306779044,-0.2945313274816112,-48.16443848595009,-9.20404114918441,0.6232121030393994,4.362542253052531,0.6795423960061752,0.3054949975267663,0.7665939345509446
24s,NC2_T,NC2,T,5250.0,T_5250.0,-0.5574084305419711,2.450781452276442,-0.9867908464420236,-0.1249462073523538,-49.6343603096536,-8.981429487996174,0.6232123322150781,4.374528704955755,0.6792808946172901,0.3623059310343904,0.7659985242670199
24s,NC2_UT,NC2,UT,5250.0,UT_5250.0,-0.5599310525950236,2.451095635181618,-0.9904666236329532,-0.3486044022693518,-46.10379148411498,-9.262651651598397,0.6232066186121514,4.259597278001932,0.679656634342291,0.4418746430072374,0.7671145947215169
24s,E_T,E,T,440.0,T_440.0,-0.5521273010042677,2.44675611411987,-0.9694278927484882,1.5783253106198227,-33.8905860996642,-6.949467839921147,0.6231853678304295,4.878287569158573,0.6807410751930104,0.2421780711807344,0.7695964048753036
24s,E_UT,E,UT,440.0,UT_440.0,-0.5517119176365309,2.442451977608467,-0.967636456721518,1.7407427238339714,-30.263138508206968,-6.669417238916496,0.6231881919483121,4.919026965209111,0.680858952386569,0.2361705627483574,0.7699011099042452
24s,E_T,E,T,440.0,T_440.0,-0.5501573323091568,2.448225119702532,-0.9685812041262184,1.461001209886791,-37.40249070076531,-7.11258362538614,0.6231978380646528,4.820601071437567,0.680480866958384,0.2564811136439101,0.7689097084938216
24s,E_UT,E,UT,440.0,UT_440.0,-0.5536939134259311,2.442811028679572,-0.9742235514791068,1.2639585800235276,-34.322088464645674,-7.184325030242006,0.6232364419216085,4.705236232389326,0.6804190792924878,0.2840446523555964,0.7687699568194617
24s,E_T,E,T,440.0,T_440.0,-0.5518542895730741,2.4424783544937605,-0.971621519161265,1.34601325078264,-34.56336090437658,-7.087614055976404,0.6231915666692671,4.674135306402862,0.680364744743859,0.2945366747182795,0.7686335151828333
24s,E_UT,E,UT,440.0,UT_440.0,-0.5497367414464944,2.4396653962315566,-0.972660652423322,0.9047770433846348,-38.41082240528547,-7.498590815953699,0.6231968751121868,4.663881245560589,0.6796853323386769,0.2606891280585021,0.7667628734868988
24s,E_T,E,T,440.0,T_440.0,-0.5539604725319861,2.4432034292975784,-0.97661630690457,1.00912144765884,-36.63133479386099,-7.472129511646393,0.623190738401162,4.6649172600418,0.6801795266952305,0.2825297631587244,0.7681367722799979
24s,HC_UT,HC,UT,969.0,UT_969.0,-0.556875755726302,2.4502875518775684,-0.9721185525268476,2.059368684090184,-26.333136467846305,-6.542100792871913,0.6231863305479431,5.205670213946073,0.6816018181090144,0.1703762853678429,0.7718790970181594
24s,HC_T,HC,T,969.0,T_969.0,-0.5540123738438396,2.448770582235652,-0.9718158435648026,1.6898908216830388,-32.6667557400499,-6.884741573699954,0.6231660954035227,5.041677968820855,0.6809801992034241,0.2277748407408176,0.7702378604907272
24s,HC_UT,HC,UT,969.0,UT_969.0,-0.5554397621993615,2.4444087679020545,-0.9712385655643836,1.9430697726219492,-26.686491260874245,-6.508981116721818,0.6231707585839933,4.941122068753165,0.6813213670649846,0.1974808008628732,0.7711256306896662
24s,HC_UT,HC,UT,969.0,UT_969.0,-0.5554037637137156,2.452160858556318,-0.97348547397635,1.6790062213398018,-35.5202534766088,-6.987274961837842,0.6231819908671159,4.842505182802395,0.6809218316946352,0.2469149527602918,0.770085403078581
24s,HC_UT,HC,UT,969.0,UT_969.0,-0.5516395770396665,2.4436126269363103,-0.9747044775845812,1.0850449546913843,-37.80995128754813,-7.39920551642863,0.6231659275921756,4.80359128849497,0.6800754127178413,0.274230271271089,0.7678537915367478
24s,HC_T,HC,T,969.0,T_969.0,-0.5538939119955709,2.444881261115332,-0.9775735427893454,1.0884825572804575,-38.19663504049262,-7.427994762775033,0.623169679362713,4.722260145361913,0.6801130789072475,0.3023093384181951,0.7680047424193652
24s,HC_UT,HC,UT,969.0,UT_969.0,-0.5544297735417156,2.440152457465248,-0.975654238869285,1.3784537846030682,-32.27752272110068,-6.995056498494789,0.6231321264866199,4.816301442118733,0.6804755876916444,0.2656230005522403,0.7689149590696627
24s,HC_T,HC,T,969.0,T_969.0,-0.5513081990312492,2.4489045034794894,-0.969806381986304,1.4635398363042225,-37.38594457330315,-7.127880089589898,0.6231803815022416,4.868623439851553,0.6805274087427069,0.2485135120031902,0.7690436808228719
24s,L_UT,L,UT,412.0,UT_412.0,-0.5515807580390552,2.453120276513839,-0.9675651932637944,1.7680273698566518,-38.110774014661,-6.920173227077789,0.6232182575313431,4.867457893188101,0.6807562932917842,0.2515985103056268,0.7696353719844093
24s,L_UT,L,UT,412.0,UT_412.0,-0.5512874876784878,2.4466212658558453,-0.9721028235389674,1.340715337129285,-37.06593828632789,-7.1993572878484775,0.6232197628097744,4.781976097036302,0.6803811288541048,0.3051941777440462,0.7686927469759984
24s,L_T,L,T,412.0,T_412.0,-0.5505182457952558,2.4570365255992077,-0.9756742033017566,0.6942687684179851,-54.17124839368431,-8.201520180815386,0.6232258229831136,4.553602095516454,0.679575415726011,0.2777644138533871,0.7665101173865867
24s,L_UT,L,UT,412.0,UT_412.0,-0.5498900626036687,2.457508788731983,-0.9712968875097414,1.1679877495079027,-48.919947841689066,-7.686866268301808,0.6232219120772438,4.742032613630346,0.68010043624083,0.2793273439205747,0.7679522613653902
24s,L_T,L,T,412.0,T_412.0,-0.5504689636536436,2.4594012456380216,-0.9737554682328672,0.910497485814688,-55.513478048747615,-8.027736210022782,0.6232267674890598,4.654035251819604,0.6797049029332185,0.2661164150134193,0.7668401199394997
24s,HC_T,HC,T,565.0,T_565.0,-0.5435547775953204,2.4479051935556138,-0.9609920056825452,1.7940922363653722,-35.37831737458888,-6.753035476656649,0.6232351205533647,4.786296123800082,0.6806630939265669,0.2670603051177567,0.7693971802793509
24s,HC_UT,HC,UT,565.0,UT_565.0,-0.5464658444059297,2.449706714777496,-0.9657803004550004,1.4965040552337523,-41.16815747694988,-7.114135751578862,0.6232237878724488,4.818930711363285,0.6802114885888421,0.251220872230265,0.7681759699345359
24s,HC_T,HC,T,565.0,T_565.0,-0.5430050570530653,2.446270400392868,-0.9653510960683102,1.154089834378584,-43.26110120489177,-7.392347446772785,0.6232254461840817,4.625298134777975,0.6796557851324785,0.2993005519289458,0.7667541227844363
24s,HC_UT,HC,UT,5400.0,UT_5400.0,-0.5526375080384975,2.4452410151607307,-0.9627299371894406,2.3457657893920087,-25.1360759918272,-6.121610818500289,0.6231858416020792,4.931658740381428,0.6815083269932238,0.1680617068844751,0.7715980249210143
24s,HC_T,HC,T,5400.0,T_5400.0,-0.5516207186969803,2.445153028140766,-0.9605317965923929,2.397836270126304,-24.562139579199748,-6.0674183575102125,0.6231917586231142,5.017850178095896,0.6815563125221867,0.1565483236889622,0.7717227492578215
24s,HC_UT,HC,UT,5400.0,UT_5400.0,-0.5506480524834825,2.450897580281949,-0.9668809329703149,1.81157971375888,-35.34653985309582,-6.814218802378097,0.6231970444681538,4.816987232665973,0.6808636772210548,0.2421525160592458,0.7699189871358388
24s,HC_T,HC,T,5400.0,T_5400.0,-0.5489865702866764,2.4431030683835524,-0.9631080737735492,1.9874637332585237,-29.406406509495245,-6.43064159240576,0.6231874461765168,4.886121275900259,0.6809910910186914,0.2199470941132833,0.7702382789416999
24s,HC_UT,HC,UT,5400.0,UT_5400.0,-0.5505888129183544,2.449921196663984,-0.9746258235772342,0.9370397812752496,-44.96774935663022,-7.728391298418102,0.6231942222952447,4.641228742911125,0.6798024682507454,0.2713510859812219,0.7671479806986577
24s,HC_T,HC,T,5400.0,T_5400.0,-0.5486326520429056,2.4406395077459955,-0.9693606306584504,1.3771142581015745,-33.30903370648647,-7.00849133168814,0.6231682448874489,4.835542435437441,0.6803758811230362,0.248252834887751,0.7686783920079373
24s,HC_UT,HC,UT,5400.0,UT_5400.0,-0.5509118536409837,2.4444162042745323,-0.975537751006318,0.9619858939689588,-38.13723361645321,-7.555190027503012,0.6231881550747517,4.679120324291402,0.6800783966434318,0.2578554525486606,0.7679238805823193
24s,HC_T,HC,T,5400.0,T_5400.0,-0.5499487475355311,2.4481142766744486,-0.9717127539002094,1.3290389616658909,-36.92500647126303,-7.251157566832681,0.6231944260309579,4.768540615639906,0.6804944143557287,0.2665600708572467,0.7690187722289339
24s,HC_UT,HC,UT,5400.0,UT_5400.0,-0.5496710555473355,2.441927766830636,-0.972663854389045,1.211780283771495,-34.771346755825874,-7.218555773647011,0.6231856278702674,4.783108197078456,0.6802798892202855,0.2479221480011552,0.7684630955068776
24s,E_UT,E,UT,654.0,UT_654.0,-0.5507405030084239,2.4609869723642106,-0.9605741675393548,2.125254685192993,-41.92293857843848,-6.774977095817319,0.623259592582722,4.864557689488362,0.680990105282367,0.2115303985434881,0.7701965835766896
24s,E_T,E,T,654.0,T_654.0,-0.5437998819750344,2.458767113387656,-0.9605341973198884,1.7642508096168468,-48.24769961574635,-7.084043893870612,0.6232190880919951,4.791783054432536,0.6802860026956206,0.2685729342532097,0.768405300379983
24s,E_UT,E,UT,654.0,UT_654.0,-0.5468967633344831,2.4644866089718067,-0.9686427794992136,1.0984245416582124,-61.646834630479766,-7.974430819570712,0.6232153859850293,4.678451725477764,0.6797219156670062,0.2793682225339298,0.7668786544188742
24s,E_UT,E,UT,654.0,UT_654.0,-0.5501284621026318,2.4581757059234035,-0.971799216636122,1.1397601528138654,-52.51876450199647,-7.7373314095362575,0.6232346285744621,4.69087781859073,0.6798584482077558,0.2460762342639474,0.7672421871220303
24s,E_T,E,T,654.0,T_654.0,-0.5450840248605874,2.4576374669430545,-0.9703225675721242,0.7140824587254251,-57.31490069307843,-8.19667267091473,0.6232550233190804,4.558934543754603,0.6793410732714945,0.2500895305137144,0.7658624447800564
24s,E_UT,E,UT,654.0,UT_654.0,-0.5467000223784073,2.454816535511721,-0.9696312229642732,1.0711070304916686,-49.81171235002946,-7.715935153603866,0.6232291371237301,4.664664668693903,0.6797708230684847,0.2552386478264711,0.7670504615397362
24s,E_UT,E,UT,654.0,UT_654.0,-0.5486961567849488,2.453054998420724,-0.9736488117898588,0.7409358863096435,-51.40150315309084,-8.034516628073348,0.6232080346584796,4.505860046573813,0.6794119902539839,0.2782994925642092,0.7661291255161813
24s,E_T,E,T,654.0,T_654.0,-0.5473112372524565,2.4617040073214915,-0.9712263144263638,0.9044044648851106,-58.91635413394162,-8.10415417075385,0.6232215300071834,4.623256888082436,0.6796162423701585,0.2683246267859747,0.7666832227537063
24s,HC_UT,HC,UT,8429.0,UT_8429.0,-0.5516093571914679,2.422734129040561,-0.9648258958345656,2.434954708575184,-16.49046086591884,-5.517191625743494,0.6231468903885937,4.915216379687451,0.681569932900123,0.2046620988675086,0.7717964632109816
24s,HC_T,HC,T,8429.0,T_8429.0,-0.5539344035830464,2.440262454391536,-0.97673850266608,1.2285103073406078,-33.332091571508755,-7.159018912465236,0.6231685356744535,4.816265673407068,0.6803576964182053,0.2911669252098297,0.7686005474990116
24s,HC_UT,HC,UT,8429.0,UT_8429.0,-0.5536481842989366,2.4347243678182884,-0.9759421535006838,1.2568977532112855,-29.846527029209323,-6.994930035557823,0.6231553160972908,4.840640256598999,0.6804187229604868,0.2573362442571784,0.768757068942994
24s,HC_UT,HC,UT,8429.0,UT_8429.0,-0.5572890669215277,2.429032014477042,-0.9838465941920572,0.5426801948132742,-29.84461091786032,-7.651972557866725,0.6231497661997218,4.604732266633394,0.6799989800186825,0.3144784647265497,0.767706374008052
24s,L_UT,L,UT,640.0,UT_640.0,-0.5564811600077724,2.4445494437429995,-0.9843385352716288,0.3606963368019845,-39.963302347032496,-8.238852568921407,0.6231735916049858,4.533538855199892,0.6798366551464382,0.3165357797210008,0.767382854943661
24s,L_T,L,T,640.0,T_640.0,-0.5567502023963258,2.44384531060598,-0.9847083938399074,0.2559568085451502,-41.819539242145744,-8.342228972922463,0.6231697114084123,4.463673976824309,0.6795689591943248,0.2890308541429477,0.7666129930810508
24s,E_UT,E,UT,657.0,UT_657.0,-0.557073069511064,2.441902416800848,-0.9702950742404528,2.5102578095931967,-19.64228055152496,-5.8753050928044335,0.6231804400694047,5.183454487034899,0.6818464452190885,0.1802995094455455,0.7725443811777537
24s,E_T,E,T,657.0,T_657.0,-0.557473502407919,2.4403819598018828,-0.9728350643600155,2.252627443749609,-21.44573208345104,-6.094813697753381,0.6231700484661999,5.168968192668261,0.6816440775131396,0.18562422296973,0.7719884291009775
24s,E_UT,E,UT,657.0,UT_657.0,-0.555515890586271,2.445417369359141,-0.9699590041972552,2.1839783404737823,-26.655568293328677,-6.288788539161727,0.623181540365716,5.100490574867315,0.6813785941151186,0.1770974504274338,0.7712555293126268
24s,E_T,E,T,657.0,T_657.0,-0.5566429923084317,2.448866124229827,-0.9752298474940948,1.7434313956006118,-30.84392949475104,-6.831170777861808,0.6231753614942862,4.953923886390765,0.6811693384389012,0.2020027048563813,0.7706956027491005
24s,E_UT,E,UT,657.0,UT_657.0,-0.5555343494632802,2.4386585103587586,-0.9763271363059088,1.421631004873248,-30.510046840597607,-6.912490916977385,0.6231487921620815,4.827685082066159,0.6805928537211569,0.2688440259414845,0.7692135825935125
24s,E_UT,E,UT,657.0,UT_657.0,-0.5556624126412228,2.444249347350142,-0.9733360275238694,1.7233211873835126,-29.40651170007464,-6.732750566328595,0.6231764040581147,4.993557494000066,0.6810505538863298,0.2115026642004873,0.7704039685591871
24s,E_T,E,T,657.0,T_657.0,-0.5556133876502237,2.448064190641798,-0.9752677150081638,1.574154894591962,-33.07953107094255,-6.988093810803923,0.6231852205252351,4.908022943695341,0.6809019403959201,0.2393132740558364,0.7700236502578107
24s,PC2_UT,PC2,UT,1.0,UT_1.0,-0.5571616473442683,2.4516878474465864,-0.9768654827142595,1.524112007533238,-36.03677239734085,-7.138278129184566,0.6232084284392722,4.932717092747554,0.6808654025126766,0.2098264408215442,0.7698839725800974
24s,PC2_T,PC2,T,1.0,T_1.0,-0.5569430413279561,2.4435393294200662,-0.9795066069617816,1.174780377351302,-33.61966496635343,-7.299422943404233,0.6231721866351045,4.781285958203287,0.6805584427127824,0.2617407928826242,0.7691126244214368
24s,PC2_UT,PC2,UT,1.0,UT_1.0,-0.5489585767136997,2.442270919993724,-0.9700054248652784,1.231436845092666,-37.34123469993713,-7.205881313742657,0.6231894577205724,4.743046850657541,0.6800403242897841,0.2548706155227785,0.7677147819180631
24s,PC2_T,PC2,T,1.0,T_1.0,-0.5511349702188825,2.4383419245888267,-0.9721863273827566,1.4342416727675915,-31.779699727277848,-6.8913986716183615,0.6231857133836218,4.687115978352818,0.680419254891381,0.2725509939868751,0.7687491022657923
24s,PC2_UT,PC2,UT,1.0,UT_1.0,-0.5495558337026071,2.4458086636653404,-0.973194614972228,0.9415347017678322,-43.226371334672805,-7.613939090202451,0.6232056246852457,4.646495474851425,0.6796404326567085,0.2511101090403269,0.7666487415027582
24s,PC2_T,PC2,T,1.0,T_1.0,-0.548884136428985,2.450818043981636,-0.9741359699594392,0.7115642930382974,-49.95133283384469,-8.005516919082305,0.6232074940197567,4.5916841327566935,0.679359684635949,0.2839429161899201,0.7659136897387381
24s,PC2_T,PC2,T,1.0,T_1.0,-0.55721174083753,2.444009400929122,-0.9863182326207014,-0.1630167643095736,-48.05100912043774,-8.843619578259421,0.6231892637666379,4.341449147983395,0.6787669784317801,0.3377923326181041,0.7645069325375942
24s,PC2_UT,PC2,UT,1.0,UT_1.0,-0.5561263268497757,2.442161195782273,-0.9842621957451524,0.0900496498095975,-44.88777037515188,-8.493439153011908,0.6231851641923309,4.453762331541587,0.6790073788291514,0.3210048918615835,0.765095151564491
24s,PC2_T,PC2,T,1.0,T_1.0,-0.5552415284225796,2.4494900928015,-0.9834734891798655,0.0791490853394288,-50.60391397979759,-8.701342794474524,0.6232081965228217,4.416898703608978,0.6790996591451106,0.2762092240655753,0.7653221736215834
24s,NC2_UT,NC2,UT,5250.0,UT_5250.0,-0.5517549964470704,2.4466751976705323,-0.9684194170510648,1.8268348124590528,-32.01324664238172,-6.687002839148832,0.6232115459574462,4.914989015683539,0.680924561191188,0.2263908070630738,0.7700801451472871
24s,NC2_T,NC2,T,5250.0,T_5250.0,-0.5517747303871752,2.4359402724337613,-0.9696835845041823,1.7951121337836538,-24.95069800374446,-6.455349524196142,0.623184561156598,4.987354404640165,0.6811013193654961,0.2327270711109082,0.7705334922447322
24s,NC2_UT,NC2,UT,5250.0,UT_5250.0,-0.5560156558060242,2.441026333192041,-0.983867697173566,0.22138402871728,-42.052435753394604,-8.310138142192804,0.623195651276131,4.440788674294846,0.6792424445516703,0.3852098404708435,0.7658050495841037
24s,NC2_T,NC2,T,5250.0,T_5250.0,-0.5535684401999964,2.4464352044035715,-0.9806704702289204,0.4220173314085987,-45.24891404349698,-8.217666046346952,0.6231947398519282,4.542668717673116,0.6794077197599865,0.2977288137519772,0.7661623325878849
24s,NC2_UT,NC2,UT,5250.0,UT_5250.0,-0.5528457619057909,2.437855866684497,-0.9809172190482514,0.2036269618114782,-40.29114462640792,-8.251475816575354,0.6231965508995166,4.458961031388437,0.6791515718234659,0.373607901446008,0.7656171250571301
24s,NC2_T,NC2,T,5250.0,T_5250.0,-0.5586529305224636,2.4519540832177547,-0.9882571813759448,-0.1921895854192525,-52.99542069475115,-9.095869256373058,0.62322398634034,4.350215200755443,0.6790902037407291,0.3222365281123286,0.7653342193618636
24s,E_UT,E,UT,648.0,UT_648.0,-0.5522118392081935,2.459146306494435,-0.9649197102103064,1.9210211997850963,-39.75080201747728,-6.931455267567565,0.6232094682602723,5.022976962903484,0.6810313430763809,0.1890034203493936,0.7703155626449526
24s,E_T,E,T,648.0,T_648.0,-0.5479619135283912,2.458521484950936,-0.9651450145570932,1.654014846960517,-44.64647061373314,-7.193050847762175,0.6232102335324078,4.821896506473466,0.680573023265579,0.2810259070605105,0.7691644359940939
24s,E_T,E,T,648.0,T_648.0,-0.5511837213854475,2.44909738948288,-0.9772864053632606,0.4982259770063031,-49.56571809147158,-8.201490863618968,0.6231802337384656,4.5085510712747405,0.6791831366719229,0.3109383155506436,0.7655330134003252
24s,E_T,E,T,648.0,T_648.0,-0.5536609492342157,2.452185683012777,-0.9812220532294714,0.2458717041241087,-53.52368359786648,-8.579716839840126,0.6231746634185102,4.438042356831142,0.6790516015944822,0.3513510589277977,0.7652466805893859
24s,HC_T,HC,T,4431.0,T_4431.0,-0.5485865742232064,2.4471185951791656,-0.9704952894700912,1.1669133083731398,-40.35930628986614,-7.400592043635829,0.6232046821846049,4.638333103792609,0.6800588589786579,0.2771721735280922,0.7678408175162925
24s,HC_UT,HC,UT,4431.0,UT_4431.0,-0.551268576157756,2.4545269773691545,-0.9757268520173844,0.8564036283418882,-50.34686477248695,-7.946269384591243,0.6232639922159751,4.672744536672799,0.6797092540891905,0.2467304618612992,0.7668303140126002
24s,HC_T,HC,T,4431.0,T_4431.0,-0.547349393745986,2.442760262026485,-0.9737063637181296,0.7645251108159639,-42.61346787115217,-7.732588742650717,0.6232021214157942,4.531619684120646,0.679401379826589,0.2489168820165444,0.7660659855516797
24s,L_T,L,T,596.0,T_596.0,-0.5479442738605174,2.4472613810465127,-0.9618357841675323,1.989827522260572,-31.66365606705697,-6.533898226016498,0.6232330605530124,4.874543884056424,0.6810027735523195,0.2258919358056245,0.7702599194463663
24s,L_UT,L,UT,596.0,UT_596.0,-0.550627421395668,2.4492897195183705,-0.9667023316143448,1.770132197998407,-33.19729738550842,-6.8144874404579205,0.6232113422792042,4.847042756403966,0.6809657978839995,0.2506698629177164,0.770187051372396
24s,L_T,L,T,596.0,T_596.0,-0.5480524943612948,2.4507594198529614,-0.9665429094315022,1.5729510688328858,-38.31543121865216,-7.061217999882098,0.6232196037192572,4.735689459324409,0.6805669233472145,0.2685094070775903,0.7691508248400604
24s,L_UT,L,UT,596.0,UT_596.0,-0.5454893231983835,2.457015450350065,-0.9682248744975636,1.0942396122739333,-52.93112835153056,-7.753557620315017,0.623228191316193,4.639519083803332,0.6796987028592055,0.2752766479621711,0.7668253363356505
24s,L_T,L,T,596.0,T_596.0,-0.5479608921250345,2.44439150190286,-0.9675544771106944,1.4339036816576658,-35.2073407852512,-7.041982160924667,0.623200509494067,4.728325989118593,0.6804222424796047,0.2820944437256257,0.7688024451849431
24s,L_UT,L,UT,596.0,UT_596.0,-0.5476988927762947,2.45421783036868,-0.9675947476887136,1.368600759913268,-43.99638494728123,-7.374792414224645,0.623213562775408,4.726410772226703,0.6802844500565499,0.2700967550017766,0.7684108143437838
24s,L_T,L,T,596.0,T_596.0,-0.5473067084333636,2.455295219219995,-0.9696682566208796,1.127042287286845,-49.42106621602424,-7.668017278269621,0.6232280500140402,4.643839009961507,0.6798629996119332,0.2622881462271662,0.767277344547848
24s,L_UT,L,UT,596.0,UT_596.0,-0.5504227042252995,2.4594555896150907,-0.9731870402768604,1.0330598063212093,-55.08397693204978,-7.892904855330283,0.623224440657657,4.603652151909418,0.6797392873756241,0.2774329184617747,0.766960211736847
24s,L_T,L,T,596.0,T_596.0,-0.549809298465883,2.459163934140306,-0.9743443194606636,0.8134295324687483,-57.31077876416396,-8.129613742424826,0.6232248095843309,4.56721046317212,0.6795101737731104,0.2644419056203781,0.7663249975557491
24s,E_UT,E,UT,434.0,UT_434.0,-0.5536231937020117,2.451659668997693,-0.9649365714305989,2.1847701753192665,-31.09013626850188,-6.451062788683792,0.6232171220218509,5.122247057360843,0.6813004625252017,0.1741848078128437,0.7710219244643738
24s,E_T,E,T,434.0,T_434.0,-0.5514880591246701,2.4425826314073182,-0.96377779497037,2.044094538929941,-29.124739822248124,-6.359801624722627,0.623205114708873,4.971940290056628,0.6810066406391901,0.2181510487521543,0.7702399606120702
24s,E_UT,E,UT,434.0,UT_434.0,-0.5505806733378125,2.4391200805986677,-0.9661234958822515,1.8147623131352275,-28.20955544774954,-6.510778506134002,0.6231908632175551,5.057845519164795,0.6809019035417596,0.2187067484058249,0.769994895244737
24s,E_T,E,T,434.0,T_434.0,-0.5476012690504798,2.4510898875455727,-0.9708538482049331,1.1882515668343283,-38.91754251259176,-7.483749713045755,0.6232118893186038,4.698880685378545,0.680503639066744,0.2786227822944979,0.7690591864378546
24s,E_UT,E,UT,434.0,UT_434.0,-0.5492085906436173,2.444069560437359,-0.9703892289133988,1.3396061663872354,-36.23249523278245,-7.1347538382201385,0.6231996230517419,4.729281326464242,0.6802936645764875,0.277022786320917,0.7684342618521934
24s,E_T,E,T,434.0,T_434.0,-0.5492487452813819,2.445549315071156,-0.9685480424702536,1.5292693246254108,-35.87212135821526,-6.970196197290629,0.6231993384872493,4.800359397223263,0.6804435414352931,0.2673401548130923,0.7688280406100813
24s,E_UT,E,UT,434.0,UT_434.0,-0.5502111555052405,2.4475741501392654,-0.9692773064197976,1.5019188622013715,-37.22097863035815,-7.051853239658789,0.6231977726371527,4.892070011785002,0.680456577242816,0.2404354523846776,0.76883434897726
24s,E_T,E,T,434.0,T_434.0,-0.5482704684197146,2.445473646978696,-0.9696715300763225,1.1747504526856798,-40.67062295197535,-7.349118284940658,0.6232112928101283,4.772865105444678,0.6799076798409129,0.2683131888312096,0.7673739888732855
24s,E_UT,E,UT,434.0,UT_434.0,-0.5523702316117917,2.4513378740178475,-0.9765683140767032,0.7927639832893028,-48.33551133326012,-7.9283292881127805,0.6232083543475683,4.616718287700622,0.6796072037746611,0.2434473547248686,0.7665361087734914
24s,E_T,E,T,434.0,T_434.0,-0.5509222994963241,2.4504642386825464,-0.9737997044785328,1.0046930021005818,-46.26818098061128,-7.66820373976685,0.6232093389380157,4.704581643951469,0.6797280853204211,0.2762235949133114,0.7669071592578638
24s,E_UT,E,UT,440.0,UT_440.0,-0.5544676086680751,2.4354163654584835,-0.983297656240133,-0.0019152324554619,-42.66668178781457,-8.43366640953594,0.6231645222804141,4.397079015991639,0.6785733827674477,0.3415802956640424,0.7639699216627016
24s,E_T,E,T,440.0,T_440.0,-0.55455828271121,2.445237999554389,-0.9817007766646368,0.2822082843865062,-46.48925958504378,-8.348080112519927,0.6231923534534911,4.489437672852016,0.6791694278624172,0.2817032560612318,0.7654189690279345
24s,E_UT,E,UT,440.0,UT_440.0,-0.5560279896696183,2.4403439993374256,-0.9839664183280274,0.0819014639314247,-44.59218519987343,-8.456689417043036,0.6231864437943696,4.407751412835249,0.6788227761328661,0.3796385018795539,0.764673675572641
24s,E_UT,E,UT,440.0,UT_440.0,-0.5559750428583806,2.4399875830487456,-0.9852911691622446,-0.284525519780696,-47.03481715199863,-8.886755176121463,0.6231879833316797,4.2645391638913965,0.6784374396946102,0.3457111764253905,0.7636151021013403
24s,E_T,E,T,440.0,T_440.0,-0.5603746999463747,2.446066329700891,-0.9908199879670744,-0.5400959895095119,-51.6784795882933,-9.360644764825624,0.6231972069245721,4.223733772217099,0.6784915526076968,0.4359681309124352,0.7638768130665248
24s,E_UT,E,UT,440.0,UT_440.0,-0.5587504604078972,2.4416206917245784,-0.9889841357606968,-0.6047008281165754,-49.37366104641841,-9.323373263373869,0.6231730707550293,4.1726604619004295,0.6783019054595135,0.3540339662923822,0.7632369955340551
24s,E_T,E,T,440.0,T_440.0,-0.563941038522193,2.443496733321862,-0.9969008662338744,-1.355530937075004,-54.65898768922968,-10.342178168289022,0.6231823261916175,3.9635266142423062,0.6777667926524513,0.308452769392587,0.7618430867097247
24s,HC_UT,HC,UT,969.0,UT_969.0,-0.5573882261544687,2.444410212886628,-0.9656377840368529,2.654786363571039,-18.70684225141124,-5.795136030170627,0.6231703938364389,5.367568405766283,0.6819957282213258,0.1256064106885575,0.7729334595281077
24s,HC_T,HC,T,969.0,T_969.0,-0.5545484238216809,2.447089817222272,-0.968206691494929,2.104038856355829,-26.97797321685498,-6.412702821176779,0.6231582713026802,4.970319798615615,0.68142001137889,0.174430261675396,0.7713780851280477
24s,HC_UT,HC,UT,969.0,UT_969.0,-0.5588133637367474,2.442620757606571,-0.9884948422747968,-0.2543087441216156,-47.92351693791771,-8.91779648508802,0.6231692017035414,4.343861733234439,0.678661431747703,0.2953638898585336,0.7641180307374044
24s,HC_T,HC,T,969.0,T_969.0,-0.5557796336750433,2.448306037725536,-0.9821484474534496,0.4748316438432988,-48.26469888253844,-8.206932877923416,0.6231688749190349,4.592981350817521,0.679309041051222,0.2371866195582386,0.7657154133088088
24s,HC_UT,HC,UT,969.0,UT_969.0,-0.5574271833747271,2.4368640774810912,-0.986110454205836,-0.0151751745472458,-42.08816400805343,-8.484821351609066,0.6231405909905595,4.412821862191275,0.678830176775555,0.3248515009861124,0.7646368891757859
24s,HC_T,HC,T,969.0,T_969.0,-0.5570265156547461,2.44571514148892,-0.9854132620963498,0.0868862034081475,-49.24506174052908,-8.590085872527727,0.6231857683015379,4.421264615409892,0.6788748030245785,0.2658100738931921,0.7646157445371247
24s,HC_UT,HC,UT,969.0,UT_969.0,-0.5586483742289008,2.4378065844199077,-0.9878046739133892,-0.1576353387032583,-42.325635389529005,-8.67843516339807,0.6231450247121574,4.4026789696465,0.6788789868322923,0.3563306199696024,0.7648129650201062
24s,HC_T,HC,T,969.0,T_969.0,-0.556523740062318,2.445194975302779,-0.9845064026072168,0.1427373609145736,-47.60387470542632,-8.51035374811246,0.6231658775125855,4.47407033597005,0.6790212780953659,0.2790474296476721,0.7650248550749922
24s,HC_UT,HC,UT,969.0,UT_969.0,-0.5583880498493068,2.44686647869419,-0.9871659462387168,-0.0659046390123958,-50.14219227055296,-8.802886824161972,0.6231805634306596,4.41757647328154,0.6788948458073585,0.2710008947877877,0.7646676188280416
24s,HC_T,HC,T,969.0,T_969.0,-0.5604561631280641,2.4420625983385027,-0.9912873933701468,-0.6399695733059282,-49.81861403094145,-9.379013733489463,0.6231403422206301,4.187865707255574,0.6783013844141259,0.3152218328901791,0.7632142902138301
24s,L_UT,L,UT,412.0,UT_412.0,-0.552998928114754,2.452649953112793,-0.9632826460698388,2.367485454270136,-29.71191892937494,-6.2935395329488655,0.6232202080433304,4.8601375343117,0.6814500809216437,0.197083580951309,0.7714443998132053
24s,L_T,L,T,412.0,T_412.0,-0.549632242632567,2.45678146101326,-0.960143238837329,2.0983588508804973,-36.94716556515432,-6.680622660970647,0.6232274136840809,4.924553922915765,0.6811083768975391,0.202521283242446,0.7705084427143953
24s,L_UT,L,UT,412.0,UT_412.0,-0.5546248765573556,2.459698734056864,-0.9831109908787584,-0.0057612295559177,-63.34359171904433,-9.09863408094999,0.6232313516060491,4.3208528675469,0.6789582646343154,0.2927140008068951,0.7649430802223801
24s,L_UT,L,UT,412.0,UT_412.0,-0.5528663522241948,2.449357242433108,-0.981172764768086,0.0812046396719256,-50.71439814132615,-8.69525046803714,0.6232780252954236,4.28339309255705,0.6790472763763391,0.3330620943547984,0.7652470822203125
24s,L_T,L,T,412.0,T_412.0,-0.552243744640326,2.454314702075911,-0.9801145102575824,0.1792075834032651,-55.73412255432888,-8.718754339875304,0.6232281375395634,4.36357197112229,0.6790624108151715,0.3194227552776305,0.7652625993487023
24s,L_UT,L,UT,412.0,UT_412.0,-0.5556735030359756,2.4540971056146885,-0.9850791076732848,-0.2738617534508134,-60.03451788233164,-9.25689275380765,0.6232387264629635,4.2436875562361775,0.6785641494152856,0.3373072918503781,0.7639134056252432
24s,L_UT,L,UT,412.0,UT_412.0,-0.5551265232887975,2.453097011064983,-0.9837578615201574,-0.1269336525631953,-54.65588729742712,-9.04939557996543,0.6232236724982005,4.3056125129169605,0.679037481584323,0.34790795155018,0.7651936007049216
24s,HC_UT,HC,UT,565.0,UT_565.0,-0.5496394434931948,2.439032419871109,-0.9540205017257504,2.7480542274502024,-19.85666760278228,-5.573652071606149,0.6232004262400206,4.912925449518231,0.6817609321188178,0.1336651357818166,0.7722549553012367
24s,HC_T,HC,T,565.0,T_565.0,-0.5489071738596495,2.4428470963510027,-0.9516325781929224,3.159912941652056,-18.63930258129913,-5.271138913314743,0.6232153072383224,4.928485746646515,0.681969432123337,0.1237778454773245,0.7728348733074151
24s,HC_UT,HC,UT,565.0,UT_565.0,-0.5503952792095896,2.442587576521794,-0.9776236175784409,0.2895380435167397,-45.3345320182602,-8.270576294373921,0.623222968895799,4.389191182915783,0.6789938685514779,0.3092646078903012,0.7650571169672165
24s,HC_T,HC,T,565.0,T_565.0,-0.5528205235199664,2.4453718719437125,-0.9808991413864356,0.0208325428531038,-49.82569874883636,-8.65935439081433,0.6232262664910393,4.372282614937674,0.6787265053824427,0.296953460073391,0.7643043314463052
24s,HC_UT,HC,UT,565.0,UT_565.0,-0.5466152210131048,2.4323519087844736,-0.973906495211358,0.2861060011443544,-38.38516888581779,-8.022802311262842,0.6232179499387863,4.430988241151978,0.6789133020121993,0.3869606586317854,0.7649154967396126
24s,HC_T,HC,T,565.0,T_565.0,-0.5556527482917443,2.4435275090932373,-0.9850197748882468,-0.4973730116876891,-47.79753384542398,-9.239766848359546,0.6232537657108403,4.202181678563835,0.6787079679183665,0.4259098135603348,0.7644488845636365
24s,HC_UT,HC,UT,5400.0,UT_5400.0,-0.5528602399617253,2.4515504763913016,-0.9613696406930178,2.499782836598013,-28.249239490961767,-6.132028432585243,0.6231979470615775,4.890727281851842,0.681524114577448,0.1471043426355862,0.771619140594393
24s,HC_T,HC,T,5400.0,T_5400.0,-0.5526727602607703,2.4443456158657257,-0.9622536276104966,2.5101986785040453,-23.85007212453224,-5.935682005707109,0.6231862029340158,4.846928846025758,0.6815876550033403,0.1648247082703605,0.7718042834821414
24s,HC_T,HC,T,5400.0,T_5400.0,-0.5493595579638593,2.4426797625182872,-0.969374376766406,1.4171441351086578,-35.406024044922056,-7.01653379591092,0.6231867376241225,4.847473586123156,0.6802659529705389,0.2713379361062329,0.768412388037026
24s,HC_UT,HC,UT,5400.0,UT_5400.0,-0.551618343442269,2.449712310849657,-0.9757741126704784,0.8868805949354442,-43.00705908224275,-7.778533946179652,0.6232647329945037,4.7343747053725656,0.6799872933416473,0.2631734144146956,0.7676611599637129
24s,HC_T,HC,T,5400.0,T_5400.0,-0.5540602133593439,2.450743751377032,-0.9812621604071494,0.5226137036908872,-44.29776633276957,-8.218596433319204,0.6231915892302807,4.527319368104815,0.6799031158755815,0.2671627239885553,0.7675387812063321
24s,HC_UT,HC,UT,5400.0,UT_5400.0,-0.5511785380467865,2.4459355056190395,-0.9759413112996912,0.7592334662444702,-44.48475409037638,-7.820642133270147,0.623188497587234,4.62245637608034,0.6794955547945623,0.2529218525364756,0.766276398639451
24s,HC_T,HC,T,5400.0,T_5400.0,-0.5554621124323593,2.4429698775195536,-0.9838686846677872,0.1488999752382312,-40.06134350937449,-8.44493465290374,0.6231866176917199,4.415549952984262,0.6796655482892449,0.3324071865160951,0.7669822490820165
24s,HC_UT,HC,UT,5400.0,UT_5400.0,-0.5516779896304151,2.441788642557627,-0.9778036822249992,0.5949056533356815,-39.40089452332598,-7.899265187884549,0.6231818625119677,4.543738125503033,0.6796839506525181,0.2754974144381273,0.7669232380029517
24s,HC_T,HC,T,5400.0,T_5400.0,-0.5555987388267082,2.444742115909358,-0.984479054222635,-0.1088194378315393,-48.05678745808938,-8.797690157202839,0.6231886951945436,4.32492270497471,0.678857819549682,0.3065181406781521,0.7647304099414486
